arm,panel,section,sampling_steps,recycling,msa_depth,receptor_id,name,label,peptide_from,iptm,iface_plddt,receptor_side,peptide_side,peptide_whole,n_rec_iface,n_pep_iface
boltz1_reduced,in-training,7.8,,,,1YCR,,cognate,,0.15832701325416565,43.321071428571436,46.495,39.089166666666664,38.53066666666666,16,12
boltz1_reduced,in-training,7.8,,,,1YCR,,decoy,,0.1014072597026825,44.92673469387755,47.148648648648646,38.075833333333335,38.64066666666667,37,12
boltz1_reduced,in-training,7.8,,,,1YCR,,decoy,,0.1008041501045227,41.03607142857144,42.971000000000004,36.198750000000004,35.81583333333334,20,8
boltz1_reduced,in-training,7.8,,,,1YCR,,decoy,,0.11161597073078156,43.26071428571429,45.82545454545455,33.85666666666667,31.238,11,3
boltz1_reduced,in-training,7.8,,,,1YCR,,scrambled,,0.1892329305410385,47.00653846153846,49.57333333333333,41.23125,44.45666666666667,18,8
boltz1_reduced,in-training,7.8,,,,1YCR,,scrambled,,0.13088086247444153,44.595813953488374,44.529375,44.78909090909091,43.147999999999996,32,11
boltz1_reduced,in-training,7.8,,,,1CKA,,cognate,,0.14914599061012268,52.16875,51.90599999999999,52.60666666666666,49.057,5,3
boltz1_reduced,in-training,7.8,,,,1CKA,,decoy,,0.09291345626115799,51.86249999999999,61.39571428571429,38.516,36.086666666666666,7,5
boltz1_reduced,in-training,7.8,,,,1CKA,,decoy,,0.065622478723526,44.68969696969697,45.70115384615384,40.93285714285714,41.109166666666674,26,7
boltz1_reduced,in-training,7.8,,,,1CKA,,decoy,,0.2124904990196228,57.20375,61.364,50.27,48.47545454545455,10,6
boltz1_reduced,in-training,7.8,,,,1CKA,,scrambled,,0.19314761459827423,50.995238095238086,52.19785714285713,48.589999999999996,48.513999999999996,14,7
boltz1_reduced,in-training,7.8,,,,1CKA,,scrambled,,0.18123149871826172,55.63882352941176,60.443000000000005,48.775714285714294,49.462,10,7
boltz1_reduced,in-training,7.8,,,,1BE9,,cognate,,0.31687605381011963,48.19133333333333,51.05916666666667,36.72,34.620000000000005,12,3
boltz1_reduced,in-training,7.8,,,,1BE9,,decoy,,0.093410924077034,40.17514285714285,41.03407407407407,37.276250000000005,38.554,27,8
boltz1_reduced,in-training,7.8,,,,1BE9,,decoy,,0.21627870202064514,41.662142857142854,43.005,38.305,34.794999999999995,10,4
boltz1_reduced,in-training,7.8,,,,1BE9,,decoy,,0.08142579346895218,38.58260869565218,37.824375,40.315714285714286,41.64076923076924,16,7
boltz1_reduced,in-training,7.8,,,,1BE9,,scrambled,,0.15238326787948608,42.706,47.08428571428571,32.49,31.089999999999996,7,3
boltz1_reduced,in-training,7.8,,,,1BE9,,scrambled,,0.19496317207813263,45.771,48.71666666666666,36.934,36.934,15,5
boltz1_reduced,in-training,7.8,,,,1SEM,,cognate,,0.1716979593038559,47.285000000000004,48.46375,45.71333333333333,45.289,8,6
boltz1_reduced,in-training,7.8,,,,1SEM,,decoy,,0.10533967614173889,48.86814814814815,52.064,39.737142857142864,40.14,20,7
boltz1_reduced,in-training,7.8,,,,1SEM,,decoy,,0.13716012239456177,55.93833333333333,61.94916666666668,43.916666666666664,42.864444444444445,12,6
boltz1_reduced,in-training,7.8,,,,1SEM,,decoy,,0.08360422402620316,44.7376923076923,49.262,41.91,41.91,5,8
boltz1_reduced,in-training,7.8,,,,1SEM,,scrambled,,0.1978355497121811,52.73529411764706,54.147000000000006,50.71857142857142,48.463,10,7
boltz1_reduced,in-training,7.8,,,,1SEM,,scrambled,,0.19460737705230713,54.134,57.410000000000004,49.22,43.302,3,2
boltz1_reduced,in-training,7.8,,,,1ELW,,cognate,,0.23192816972732544,48.24735294117647,50.00576923076923,42.5325,42.5325,26,8
boltz1_reduced,in-training,7.8,,,,1ELW,,decoy,,0.17338132858276367,45.94294117647058,48.65559999999999,38.407777777777774,38.322,25,9
boltz1_reduced,in-training,7.8,,,,1ELW,,decoy,,0.30875107645988464,43.31478260869565,45.051764705882356,38.39333333333334,38.39333333333334,17,6
boltz1_reduced,in-training,7.8,,,,1ELW,,decoy,,0.14151857793331146,45.4127027027027,48.459999999999994,35.93222222222222,35.13272727272727,28,9
boltz1_reduced,in-training,7.8,,,,1ELW,,scrambled,,0.20098832249641418,55.254838709677415,58.864000000000004,40.21666666666666,38.1725,25,6
boltz1_reduced,in-training,7.8,,,,1ELW,,scrambled,,0.27731963992118835,47.09166666666667,49.51086956521739,39.142857142857146,38.7375,23,7
boltz1_reduced,in-training,7.8,,,,2GBQ,,cognate,,0.22526846826076508,50.31769230769232,49.298235294117646,52.243333333333325,51.03416666666666,17,9
boltz1_reduced,in-training,7.8,,,,2GBQ,,decoy,,0.142308309674263,50.47,58.440000000000005,41.171666666666674,41.171666666666674,7,6
boltz1_reduced,in-training,7.8,,,,2GBQ,,decoy,,0.20993784070014954,53.46285714285714,55.12050000000001,49.31875,50.31153846153847,20,8
boltz1_reduced,in-training,7.8,,,,2GBQ,,decoy,,0.07914195954799652,50.28210526315789,51.143333333333324,48.80571428571428,48.76666666666667,12,7
boltz1_reduced,in-training,7.8,,,,2GBQ,,scrambled,,0.22727781534194946,55.235,57.538333333333334,51.78,51.87583333333333,12,8
boltz1_reduced,in-training,7.8,,,,2GBQ,,scrambled,,0.17650224268436432,52.243043478260866,53.54,50.82818181818182,50.10583333333333,12,11
boltz1_reduced,in-training,7.8,,,,1D4T,,cognate,,0.1307787150144577,44.85212121212122,49.092499999999994,33.544444444444444,32.38999999999999,24,9
boltz1_reduced,in-training,7.8,,,,1D4T,,decoy,,0.18622644245624542,44.992619047619044,46.43878787878788,39.68999999999999,38.888999999999996,33,9
boltz1_reduced,in-training,7.8,,,,1D4T,,decoy,,0.1468915194272995,40.54448275862069,42.27894736842106,37.248999999999995,37.248999999999995,19,10
boltz1_reduced,in-training,7.8,,,,1D4T,,decoy,,0.1814904659986496,43.686,48.68615384615384,34.4,33.4025,13,7
boltz1_reduced,in-training,7.8,,,,1D4T,,scrambled,,0.12189535796642303,41.06676470588235,44.007200000000005,32.89888888888889,32.14272727272728,25,9
boltz1_reduced,in-training,7.8,,,,1D4T,,scrambled,,0.21426889300346375,45.57236842105263,48.735,36.717,36.17454545454545,28,10
boltz1_reduced,in-training,7.8,,,,1TP5,,cognate,,0.2611558735370636,45.00925925925926,46.92545454545454,36.577999999999996,36.214999999999996,22,5
boltz1_reduced,in-training,7.8,,,,1TP5,,decoy,,0.12971971929073334,38.318214285714284,39.62555555555556,35.964999999999996,34.37199999999999,18,10
boltz1_reduced,in-training,7.8,,,,1TP5,,decoy,,0.17051264643669128,40.096296296296295,41.6921052631579,36.30625,36.30625,19,8
boltz1_reduced,in-training,7.8,,,,1TP5,,decoy,,0.24529942870140076,49.37347826086956,53.52466666666667,41.59,39.72166666666667,15,8
boltz1_reduced,in-training,7.8,,,,1TP5,,scrambled,,0.20582295954227448,44.645833333333336,46.896,33.395,33.395,30,6
boltz1_reduced,in-training,7.8,,,,1TP5,,scrambled,,0.1355838030576706,43.216,44.85533333333333,33.38,31.923333333333336,30,5
boltz1_reduced,in-training,7.8,,,,2FNT,,cognate,,0.13261783123016357,46.50399999999999,51.65461538461538,36.93857142857143,35.953,13,7
boltz1_reduced,in-training,7.8,,,,2FNT,,decoy,,0.1740475296974182,46.90083333333334,48.99535714285714,39.57,37.75000000000001,28,8
boltz1_reduced,in-training,7.8,,,,2FNT,,decoy,,0.090776227414608,45.213199999999986,46.68818181818182,42.35,42.36782608695653,33,17
boltz1_reduced,in-training,7.8,,,,2FNT,,decoy,,0.19324879348278046,46.966,48.647368421052626,44.06181818181819,43.6025,19,11
boltz1_reduced,in-training,7.8,,,,2FNT,,scrambled,,0.13924285769462585,43.396249999999995,46.37136363636363,36.851000000000006,36.851000000000006,22,10
boltz1_reduced,in-training,7.8,,,,2FNT,,scrambled,,0.2004091739654541,46.0917857142857,49.109,38.54875,37.662,20,8
boltz1_reduced,in-training,7.8,,,,1NLO,,cognate,,0.11784783750772476,47.486842105263165,51.00818181818182,42.644999999999996,42.54909090909091,11,8
boltz1_reduced,in-training,7.8,,,,1NLO,,decoy,,0.1731543093919754,48.99533333333332,50.1978947368421,46.91818181818182,47.59166666666667,19,11
boltz1_reduced,in-training,7.8,,,,1NLO,,decoy,,0.08235233277082443,48.3608,54.245000000000005,42.92923076923077,42.82466666666666,12,13
boltz1_reduced,in-training,7.8,,,,1NLO,,decoy,,0.0872916504740715,46.157272727272726,50.18,41.33,39.43600000000001,6,5
boltz1_reduced,in-training,7.8,,,,1NLO,,scrambled,,0.15600281953811646,51.953333333333326,58.54875,44.41571428571429,43.85181818181818,8,7
boltz1_reduced,in-training,7.8,,,,1NLO,,scrambled,,0.08761274069547653,55.35806451612902,59.3808,38.596666666666664,37.24818181818182,25,6
boltz1_reduced,in-training,7.8,,,,1OAI,,cognate,,0.08977466821670532,47.31576923076924,49.925,41.445,41.378888888888895,18,8
boltz1_reduced,in-training,7.8,,,,1OAI,,decoy,,0.16166552901268005,56.526315789473685,58.620625000000004,45.35666666666666,41.45666666666667,16,3
boltz1_reduced,in-training,7.8,,,,1OAI,,decoy,,0.10339465737342834,45.2521052631579,47.85454545454545,41.67375,40.02909090909091,11,8
boltz1_reduced,in-training,7.8,,,,1OAI,,decoy,,0.15200389921665192,48.432,52.95,41.655,41.655,9,6
boltz1_reduced,in-training,7.8,,,,1OAI,,scrambled,,0.06967421621084213,47.9251724137931,50.286956521739135,38.87166666666666,38.50111111111111,23,6
boltz1_reduced,in-training,7.8,,,,1OAI,,scrambled,,0.11410187184810638,49.89086956521737,55.21933333333333,39.9,39.400000000000006,15,8
boltz1_reduced,in-training,7.8,,,,4LN2,,cognate,,0.12216218560934067,45.41157894736841,46.09133333333334,42.8625,40.87727272727273,30,8
boltz1_reduced,in-training,7.8,,,,4LN2,,decoy,,0.12731561064720154,44.70192307692308,46.0935,40.06333333333333,39.891000000000005,20,6
boltz1_reduced,in-training,7.8,,,,4LN2,,decoy,,0.09977491199970245,43.86733333333333,43.554117647058824,44.276923076923076,44.52866666666667,17,13
boltz1_reduced,in-training,7.8,,,,4LN2,,decoy,,0.07599808275699615,42.718636363636364,42.369166666666665,43.138,42.31846153846155,12,10
boltz1_reduced,in-training,7.8,,,,4LN2,,scrambled,,0.09485527873039246,42.675,45.26857142857143,36.623333333333335,37.649090909090916,21,9
boltz1_reduced,in-training,7.8,,,,4LN2,,scrambled,,0.08517865091562271,43.290000000000006,43.785,42.20100000000001,41.10545454545455,22,10
boltz1_reduced,in-training,7.8,,,,9F6S,,cognate,,0.3604568541049957,53.82454545454545,55.56333333333333,46.0,42.16166666666667,18,4
boltz1_reduced,in-training,7.8,,,,9F6S,,decoy,,0.23784416913986206,46.82454545454546,52.24615384615384,38.99333333333333,38.84727272727273,13,9
boltz1_reduced,in-training,7.8,,,,9F6S,,decoy,,0.19006231427192688,41.72076923076923,45.70499999999999,38.30571428571428,36.848749999999995,6,7
boltz1_reduced,in-training,7.8,,,,9F6S,,decoy,,0.1188511848449707,40.18375,49.7075,30.660000000000004,29.607999999999997,4,4
boltz1_reduced,in-training,7.8,,,,9F6S,,scrambled,,0.3602886497974396,49.15849999999999,49.94571428571429,47.32166666666666,47.32166666666666,14,6
boltz1_reduced,in-training,7.8,,,,9F6S,,scrambled,,0.369528591632843,49.9385,51.29357142857142,46.776666666666664,46.776666666666664,14,6
boltz1_reduced,in-training,7.8,,,,8KDX,,cognate,,0.08952964842319489,44.332857142857144,44.42466666666667,44.22692307692308,42.034000000000006,15,13
boltz1_reduced,in-training,7.8,,,,8KDX,,decoy,,0.07083158195018768,43.45125,42.53625,44.823750000000004,45.54260869565218,24,16
boltz1_reduced,in-training,7.8,,,,8KDX,,decoy,,0.07719302922487259,45.205882352941174,46.76857142857143,37.913333333333334,34.45333333333334,14,3
boltz1_reduced,in-training,7.8,,,,8KDX,,decoy,,0.09975441545248032,43.87888888888889,44.10999999999999,43.416666666666664,39.418,6,3
boltz1_reduced,in-training,7.8,,,,8KDX,,scrambled,,0.09899083524942398,44.27400000000001,45.46875,42.150000000000006,42.834666666666664,16,9
boltz1_reduced,in-training,7.8,,,,8KDX,,scrambled,,0.10103856027126312,44.718888888888884,44.803478260869554,44.56923076923076,44.53733333333333,23,13
boltz1_reduced,in-training,7.8,,,,6YOO,,cognate,,0.32593438029289246,49.378888888888895,50.11407407407408,47.173333333333325,46.9175,27,9
boltz1_reduced,in-training,7.8,,,,6YOO,,decoy,,0.15646450221538544,46.404761904761905,50.277812499999996,34.011,33.291818181818186,32,10
boltz1_reduced,in-training,7.8,,,,6YOO,,decoy,,0.12022001296281815,41.451600000000006,46.65235294117647,30.4,29.857,17,8
boltz1_reduced,in-training,7.8,,,,6YOO,,decoy,,0.31410592794418335,48.58578947368421,48.96071428571429,47.536,45.65125,14,5
boltz1_reduced,in-training,7.8,,,,6YOO,,scrambled,,0.13939355313777924,40.41894736842106,41.67655172413793,36.36666666666666,35.291666666666664,29,9
boltz1_reduced,in-training,7.8,,,,6YOO,,scrambled,,0.19317954778671265,46.56272727272728,49.46333333333333,38.827777777777776,39.03166666666666,24,9
boltz1_reduced,in-training,7.8,,,,3DS4,,cognate,,0.30919158458709717,49.708,48.812777777777775,52.010000000000005,49.07166666666668,18,7
boltz1_reduced,in-training,7.8,,,,3DS4,,decoy,,0.13402649760246277,41.902,43.70375,34.695,34.902,16,4
boltz1_reduced,in-training,7.8,,,,3DS4,,decoy,,0.11140763759613037,39.652692307692305,42.20058823529412,34.84,34.84,17,9
boltz1_reduced,in-training,7.8,,,,3DS4,,decoy,,0.12383843958377838,44.73571428571429,47.696999999999996,37.332499999999996,35.571,20,8
boltz1_reduced,in-training,7.8,,,,3DS4,,scrambled,,0.09780599921941757,40.82888888888889,45.91727272727273,32.832857142857144,30.110000000000003,11,7
boltz1_reduced,in-training,7.8,,,,3DS4,,scrambled,,0.08631393313407898,35.93857142857142,38.414736842105256,30.71111111111111,30.64,19,9
boltz1_reduced,in-training,7.8,,,,9GRF,,cognate,,0.1504746675491333,41.51407407407407,43.89052631578947,35.870000000000005,34.912,19,8
boltz1_reduced,in-training,7.8,,,,9GRF,,decoy,,0.07552137970924377,42.90236842105263,45.36466666666666,33.66875,32.343636363636364,30,8
boltz1_reduced,in-training,7.8,,,,9GRF,,decoy,,0.09670282900333405,40.83565217391305,43.89272727272727,33.075384615384614,32.836000000000006,33,13
boltz1_reduced,in-training,7.8,,,,9GRF,,decoy,,0.07633323222398758,37.84052631578947,40.09357142857143,31.532000000000004,31.532000000000004,28,10
boltz1_reduced,in-training,7.8,,,,9GRF,,scrambled,,0.17754033207893372,45.252352941176476,48.75307692307693,33.875,33.129,26,8
boltz1_reduced,in-training,7.8,,,,9GRF,,scrambled,,0.15137645602226257,44.73806451612903,48.3152380952381,37.226,37.226,21,10
boltz1_reduced,in-training,7.8,,,,7S7J,,cognate,,0.34824246168136597,58.71230769230768,53.69849999999999,63.99000000000001,62.42086956521739,20,19
boltz1_reduced,in-training,7.8,,,,7S7J,,decoy,,0.11861994862556458,47.32583333333333,50.132222222222225,38.906666666666666,42.19533333333334,9,3
boltz1_reduced,in-training,7.8,,,,7S7J,,decoy,,0.165899857878685,53.276875000000004,58.26083333333333,38.324999999999996,37.23199999999999,12,4
boltz1_reduced,in-training,7.8,,,,7S7J,,decoy,,0.12243421375751495,41.440000000000005,46.27571428571429,35.79833333333334,35.79833333333334,7,6
boltz1_reduced,in-training,7.8,,,,7S7J,,scrambled,,0.2150515764951706,52.3675,51.20111111111111,53.867142857142866,55.19608695652174,18,14
boltz1_reduced,in-training,7.8,,,,7S7J,,scrambled,,0.08061397075653076,43.65535714285715,44.77388888888889,41.641999999999996,40.89478260869566,18,10
boltz1_reduced,in-training,7.8,,,,4Z8J,,cognate,,0.3200434148311615,51.14307692307693,51.375,50.37,49.54875,20,6
boltz1_reduced,in-training,7.8,,,,4Z8J,,decoy,,0.1652611792087555,43.72594594594595,46.422222222222224,36.446000000000005,36.1875,27,10
boltz1_reduced,in-training,7.8,,,,4Z8J,,decoy,,0.5934075713157654,61.3357894736842,61.58928571428571,60.626,60.79,14,5
boltz1_reduced,in-training,7.8,,,,4Z8J,,decoy,,0.148185133934021,43.572352941176476,47.53,34.074,33.905454545454546,24,10
boltz1_reduced,in-training,7.8,,,,4Z8J,,scrambled,,0.22549501061439514,44.788518518518515,49.1305,32.38285714285714,33.0375,20,7
boltz1_reduced,in-training,7.8,,,,4Z8J,,scrambled,,0.26643118262290955,47.9178125,49.05555555555556,41.774,41.866249999999994,27,5
boltz1_reduced,in-training,7.8,,,,8HLO,,cognate,,0.3007189631462097,55.44571428571429,56.832307692307694,53.192499999999995,52.580769230769235,13,8
boltz1_reduced,in-training,7.8,,,,8HLO,,decoy,,0.06816636025905609,45.23,43.67608695652174,47.61266666666666,47.98869565217392,23,15
boltz1_reduced,in-training,7.8,,,,8HLO,,decoy,,0.1921406090259552,51.54875,55.00599999999999,45.78666666666666,44.336666666666666,5,3
boltz1_reduced,in-training,7.8,,,,8HLO,,decoy,,0.1460263431072235,47.570625,51.40272727272727,39.14,38.485,11,5
boltz1_reduced,in-training,7.8,,,,8HLO,,scrambled,,0.17954400181770325,48.36714285714285,53.86416666666667,41.037777777777784,41.316923076923075,12,9
boltz1_reduced,in-training,7.8,,,,8HLO,,scrambled,,0.12424822151660919,45.46259259259259,48.59647058823529,40.135,41.01769230769231,17,10
boltz1_reduced,in-training,7.8,,,,7OKL,,cognate,,0.07019521296024323,47.099374999999995,57.91545454545455,23.304000000000002,23.18166666666667,11,5
boltz1_reduced,in-training,7.8,,,,7OKL,,decoy,,0.06669443845748901,42.42411764705883,47.219130434782606,32.39818181818182,32.656666666666666,23,11
boltz1_reduced,in-training,7.8,,,,7OKL,,decoy,,0.0820440724492073,39.16714285714285,43.455238095238094,26.302857142857142,25.953333333333333,21,7
boltz1_reduced,in-training,7.8,,,,7OKL,,decoy,,0.08516836166381836,39.70230769230769,43.07411764705882,33.33333333333334,31.578333333333337,17,9
boltz1_reduced,in-training,7.8,,,,7OKL,,scrambled,,0.0707995593547821,44.345882352941175,48.69428571428572,24.05333333333333,23.845000000000002,14,3
boltz1_reduced,in-training,7.8,,,,7OKL,,scrambled,,0.10123645514249802,35.67578947368421,39.02071428571429,26.310000000000002,26.061666666666667,14,5
boltz1_reduced,in-training,7.8,,,,4O36,,cognate,,0.07756645977497101,34.14767441860465,34.544999999999995,33.230769230769226,33.00733333333333,30,13
boltz1_reduced,in-training,7.8,,,,4O36,,decoy,,0.10355433821678162,37.74702702702702,38.278333333333336,35.470000000000006,34.508,30,7
boltz1_reduced,in-training,7.8,,,,4O36,,decoy,,0.08493056148290634,35.911875,35.150000000000006,37.588,36.47461538461538,22,10
boltz1_reduced,in-training,7.8,,,,4O36,,decoy,,0.09289931505918503,37.70294117647058,38.67357142857143,33.17333333333333,29.323999999999995,14,3
boltz1_reduced,in-training,7.8,,,,4O36,,scrambled,,0.07826549559831619,35.055405405405395,34.82086956521739,35.44071428571429,35.412666666666674,23,14
boltz1_reduced,in-training,7.8,,,,4O36,,scrambled,,0.13392284512519836,37.000416666666666,37.690294117647056,35.324999999999996,34.717999999999996,34,14
decaf_reduced,in-training,"7.8, 7.12",,,,1YCR,,cognate,,0.8102769255638123,83.394,85.33652173913042,79.67083333333333,79.70333333333333,23,12
decaf_reduced,in-training,"7.8, 7.12",,,,1YCR,,scrambled,,0.5227272510528564,79.0296551724138,83.18142857142855,68.13125,64.0,21,8
decaf_reduced,in-training,"7.8, 7.12",,,,1YCR,,scrambled,,0.42988845705986023,66.56833333333333,74.93055555555556,54.025,56.09733333333333,18,12
decaf_reduced,in-training,"7.8, 7.12",,,,1CKA,,cognate,,0.9248642921447754,97.04095238095238,97.47538461538463,96.33500000000001,94.2,13,8
decaf_reduced,in-training,"7.8, 7.12",,,,1CKA,,scrambled,,0.6276881098747253,83.06608695652176,90.61733333333335,68.9075,69.709,15,8
decaf_reduced,in-training,"7.8, 7.12",,,,1CKA,,scrambled,,0.3800050914287567,81.52333333333334,90.70666666666666,63.156666666666666,63.47500000000001,12,6
decaf_reduced,in-training,"7.8, 7.12",,,,1BE9,,cognate,,0.9724178910255432,91.12782608695652,91.545,89.626,89.626,18,5
decaf_reduced,in-training,"7.8, 7.12",,,,1BE9,,scrambled,,0.3619152903556824,53.730588235294114,57.863333333333316,43.812,43.812,12,5
decaf_reduced,in-training,"7.8, 7.12",,,,1BE9,,scrambled,,0.5891233086585999,69.72863636363637,70.08882352941178,68.50399999999999,68.50399999999999,17,5
decaf_reduced,in-training,"7.8, 7.12",,,,1SEM,,cognate,,0.7967443466186523,94.93421052631578,96.38583333333334,92.44571428571427,90.535,12,7
decaf_reduced,in-training,"7.8, 7.12",,,,1SEM,,scrambled,,0.18712785840034485,67.78571428571429,83.20833333333334,47.22222222222222,48.038999999999994,12,9
decaf_reduced,in-training,"7.8, 7.12",,,,1SEM,,scrambled,,0.38886404037475586,80.63666666666666,89.24909090909091,67.10285714285715,66.066,11,7
decaf_reduced,in-training,"7.8, 7.12",,,,1ELW,,cognate,,0.967187225818634,97.75857142857144,98.43449999999999,96.06875000000001,96.06875000000001,20,8
decaf_reduced,in-training,"7.8, 7.12",,,,1ELW,,scrambled,,0.6606910824775696,86.22968750000001,94.51958333333333,61.36,61.36,24,8
decaf_reduced,in-training,"7.8, 7.12",,,,1ELW,,scrambled,,0.582486629486084,85.16172413793103,93.44142857142857,63.4275,63.4275,21,8
decaf_reduced,in-training,"7.8, 7.12",,,,2GBQ,,cognate,,0.7781027555465698,81.8438095238095,85.13083333333334,77.46111111111111,74.78333333333332,12,9
decaf_reduced,in-training,"7.8, 7.12",,,,2GBQ,,scrambled,,0.19674250483512878,63.10666666666666,74.69857142857143,46.878,47.01583333333334,14,10
decaf_reduced,in-training,"7.8, 7.12",,,,2GBQ,,scrambled,,0.639069139957428,81.50571428571428,84.49615384615385,76.64625000000001,72.88083333333333,13,8
decaf_reduced,in-training,"7.8, 7.12",,,,1D4T,,cognate,,0.2962779402732849,67.81413793103447,74.0515,53.95333333333334,55.26727272727272,20,9
decaf_reduced,in-training,"7.8, 7.12",,,,1D4T,,scrambled,,0.29110807180404663,64.90303030303029,76.05045454545456,42.60818181818182,42.60818181818182,22,11
decaf_reduced,in-training,"7.8, 7.12",,,,1D4T,,scrambled,,0.23522941768169403,63.66057142857142,74.60000000000001,39.79272727272728,39.79272727272728,24,11
decaf_reduced,in-training,"7.8, 7.12",,,,1TP5,,cognate,,0.9379379153251648,94.70045454545453,95.66529411764705,91.42,87.11333333333333,17,5
decaf_reduced,in-training,"7.8, 7.12",,,,1TP5,,scrambled,,0.802299439907074,85.51296296296296,87.80190476190475,77.50166666666667,77.50166666666667,21,6
decaf_reduced,in-training,"7.8, 7.12",,,,1TP5,,scrambled,,0.3150285482406616,64.00894736842105,68.8321875,38.285000000000004,38.285000000000004,32,6
decaf_reduced,in-training,"7.8, 7.12",,,,2FNT,,cognate,,0.13004152476787567,70.36,85.83200000000001,39.416,39.416,20,10
decaf_reduced,in-training,"7.8, 7.12",,,,2FNT,,scrambled,,0.29923784732818604,72.93117647058821,84.17958333333333,45.935,45.935,24,10
decaf_reduced,in-training,"7.8, 7.12",,,,2FNT,,scrambled,,0.28804337978363037,68.8317857142857,79.7688888888889,49.145,49.145,18,10
decaf_reduced,in-training,"7.8, 7.12",,,,1NLO,,cognate,,0.19673798978328705,65.5545,73.52384615384616,50.75428571428572,48.557272727272725,13,7
decaf_reduced,in-training,"7.8, 7.12",,,,1NLO,,scrambled,,0.15459491312503815,62.51150000000001,72.62461538461538,43.730000000000004,42.78545454545455,13,7
decaf_reduced,in-training,"7.8, 7.12",,,,1NLO,,scrambled,,0.4971986413002014,71.82230769230769,79.46777777777778,54.62,53.02818181818182,9,4
decaf_reduced,in-training,"7.8, 7.12",,,,1OAI,,cognate,,0.5305569767951965,90.63863636363635,95.48124999999999,77.72500000000001,75.95333333333333,16,6
decaf_reduced,in-training,"7.8, 7.12",,,,1OAI,,scrambled,,0.29199978709220886,78.08388888888891,89.30666666666666,55.63833333333333,53.922222222222224,12,6
decaf_reduced,in-training,"7.8, 7.12",,,,1OAI,,scrambled,,0.2505835294723511,80.28718750000002,89.66826086956522,56.31333333333333,56.31333333333333,23,9
decaf_reduced,in-training,"7.8, 7.12",,,,4LN2,,cognate,,0.1454659253358841,59.733214285714276,67.8578947368421,42.58111111111111,42.158181818181816,19,9
decaf_reduced,in-training,"7.8, 7.12",,,,4LN2,,scrambled,,0.1235673651099205,53.18037037037037,60.41235294117647,40.886,40.03818181818182,17,10
decaf_reduced,in-training,"7.8, 7.12",,,,4LN2,,scrambled,,0.13491889834403992,57.94849999999999,63.32655172413792,43.769999999999996,43.769999999999996,29,11
decaf_reduced,in-training,"7.8, 7.12",,,,9F6S,,cognate,,0.5962312817573547,79.80565217391305,85.45176470588235,63.80833333333333,63.80833333333333,17,6
decaf_reduced,in-training,"7.8, 7.12",,,,9F6S,,scrambled,,0.6501249074935913,81.17636363636365,84.604375,72.035,72.035,16,6
decaf_reduced,in-training,"7.8, 7.12",,,,9F6S,,scrambled,,0.8177171349525452,82.62619047619049,85.98,71.894,69.36833333333333,16,5
decaf_reduced,in-training,"7.8, 7.12",,,,8KDX,,cognate,,0.17175205051898956,60.8628,65.618,53.73,52.836,15,10
decaf_reduced,in-training,"7.8, 7.12",,,,8KDX,,scrambled,,0.15524901449680328,57.31481481481481,64.86,49.189230769230775,49.95733333333333,14,13
decaf_reduced,in-training,"7.8, 7.12",,,,8KDX,,scrambled,,0.18828228116035461,57.951388888888886,65.30190476190477,47.66066666666666,47.66066666666666,21,15
decaf_reduced,in-training,"7.8, 7.12",,,,6YOO,,cognate,,0.673393189907074,84.9408695652174,90.81142857142856,75.80888888888889,72.20166666666667,14,9
decaf_reduced,in-training,"7.8, 7.12",,,,6YOO,,scrambled,,0.2987470328807831,70.23714285714286,85.8594117647059,46.093636363636364,46.30083333333332,17,11
decaf_reduced,in-training,"7.8, 7.12",,,,6YOO,,scrambled,,0.26619952917099,68.3611111111111,84.71470588235294,40.56,40.17166666666667,17,10
decaf_reduced,in-training,"7.8, 7.12",,,,3DS4,,cognate,,0.9319723844528198,92.8651724137931,92.54599999999999,93.57444444444444,91.89166666666667,20,9
decaf_reduced,in-training,"7.8, 7.12",,,,3DS4,,scrambled,,0.24737270176410675,64.10640000000001,76.99733333333332,44.769999999999996,46.55083333333334,15,10
decaf_reduced,in-training,"7.8, 7.12",,,,3DS4,,scrambled,,0.34285566210746765,65.88444444444445,78.75058823529412,44.01199999999999,45.7075,17,10
decaf_reduced,in-training,"7.8, 7.12",,,,9GRF,,cognate,,0.38608023524284363,66.13888888888889,75.5761111111111,47.26444444444444,46.325,18,9
decaf_reduced,in-training,"7.8, 7.12",,,,9GRF,,scrambled,,0.25606074929237366,63.003478260869585,72.543125,41.19857142857143,38.679,16,7
decaf_reduced,in-training,"7.8, 7.12",,,,9GRF,,scrambled,,0.43638885021209717,68.93272727272728,77.63347826086955,48.92100000000001,48.92100000000001,23,10
decaf_reduced,in-training,"7.8, 7.12",,,,7S7J,,cognate,,0.5881790518760681,89.50833333333333,92.98719999999999,84.39235294117648,86.03173913043479,25,17
decaf_reduced,in-training,"7.8, 7.12",,,,7S7J,,scrambled,,0.8806685209274292,91.84285714285714,93.11142857142856,89.93999999999998,89.49304347826086,21,14
decaf_reduced,in-training,"7.8, 7.12",,,,7S7J,,scrambled,,0.4955938160419464,76.21093023255813,83.31692307692308,65.3429411764706,67.19869565217391,26,17
decaf_reduced,in-training,"7.8, 7.12",,,,4Z8J,,cognate,,0.9140874147415161,90.83347826086957,92.46599999999998,87.77250000000001,87.77250000000001,15,8
decaf_reduced,in-training,"7.8, 7.12",,,,4Z8J,,scrambled,,0.2140812873840332,70.19192307692308,82.99722222222222,41.38,41.38,18,8
decaf_reduced,in-training,"7.8, 7.12",,,,4Z8J,,scrambled,,0.8331141471862793,82.88119999999999,83.65499999999999,80.89142857142858,77.6775,18,7
decaf_reduced,in-training,"7.8, 7.12",,,,8HLO,,cognate,,0.8361494541168213,92.83625,95.664,88.12333333333333,88.10307692307694,15,9
decaf_reduced,in-training,"7.8, 7.12",,,,8HLO,,scrambled,,0.31467491388320923,71.06333333333333,84.86666666666667,52.65888888888889,51.323076923076925,12,9
decaf_reduced,in-training,"7.8, 7.12",,,,8HLO,,scrambled,,0.6096089482307434,86.85842105263158,91.27076923076923,77.29833333333333,73.33846153846153,13,6
decaf_reduced,in-training,"7.8, 7.12",,,,7OKL,,cognate,,0.11355417221784592,69.74368421052633,91.46000000000001,22.691666666666666,22.691666666666666,13,6
decaf_reduced,in-training,"7.8, 7.12",,,,7OKL,,scrambled,,0.15400423109531403,70.12722222222222,90.20416666666667,29.97333333333333,29.97333333333333,12,6
decaf_reduced,in-training,"7.8, 7.12",,,,7OKL,,scrambled,,0.06240412965416908,75.77826086956522,94.17117647058824,23.664999999999996,23.664999999999996,17,6
decaf_reduced,in-training,"7.8, 7.12",,,,4O36,,cognate,,0.08768672496080399,41.650512820512816,39.2428,45.949999999999996,47.518,25,14
decaf_reduced,in-training,"7.8, 7.12",,,,4O36,,scrambled,,0.14252255856990814,41.32884615384615,38.74066666666667,44.85818181818181,44.803333333333335,15,11
decaf_reduced,in-training,"7.8, 7.12",,,,4O36,,scrambled,,0.12068740278482437,40.773888888888884,42.649130434782606,37.45615384615384,37.42466666666667,23,13
decaf_reduced,in-training,"7.8, 7.12",,,,1YCR,,decoy,,0.22821472585201263,60.02820512820512,71.2072,40.06571428571429,40.756,25,14
decaf_reduced,in-training,"7.8, 7.12",,,,1YCR,,decoy,,0.2795872986316681,65.86151515151516,76.68636363636364,44.21181818181819,44.991666666666674,22,11
decaf_reduced,in-training,"7.8, 7.12",,,,1YCR,,decoy,,0.17353053390979767,73.8409090909091,82.77823529411765,43.454,43.454,17,5
decaf_reduced,in-training,"7.8, 7.12",,,,1CKA,,decoy,,0.1372060924768448,75.67117647058824,93.69909090909091,42.62,42.62,11,6
decaf_reduced,in-training,"7.8, 7.12",,,,1CKA,,decoy,,0.08231708407402039,70.16956521739131,88.99384615384616,45.698,44.88416666666666,13,10
decaf_reduced,in-training,"7.8, 7.12",,,,1CKA,,decoy,,0.3746812045574188,70.48727272727272,84.89999999999999,49.66888888888889,50.41818181818182,13,9
decaf_reduced,in-training,"7.8, 7.12",,,,1BE9,,decoy,,0.15096095204353333,47.855789473684204,53.94750000000001,37.41285714285715,37.502,12,7
decaf_reduced,in-training,"7.8, 7.12",,,,1BE9,,decoy,,0.9575120806694031,85.50461538461538,85.73250000000002,84.74499999999999,84.74499999999999,20,6
decaf_reduced,in-training,"7.8, 7.12",,,,1BE9,,decoy,,0.1667049676179886,46.78142857142858,50.96705882352941,40.31272727272728,41.79769230769231,17,11
decaf_reduced,in-training,"7.8, 7.12",,,,1SEM,,decoy,,0.10624749213457108,71.64,87.17846153846153,42.78285714285715,42.85875,13,7
decaf_reduced,in-training,"7.8, 7.12",,,,1SEM,,decoy,,0.16404633224010468,71.344,86.67777777777776,48.343333333333334,49.135555555555555,9,6
decaf_reduced,in-training,"7.8, 7.12",,,,1SEM,,decoy,,0.10331638902425766,73.45277777777778,87.18272727272728,51.877142857142864,51.925,11,7
decaf_reduced,in-training,"7.8, 7.12",,,,1ELW,,decoy,,0.3204217851161957,77.5916,88.9963157894737,41.47666666666667,38.624,19,6
decaf_reduced,in-training,"7.8, 7.12",,,,1ELW,,decoy,,0.6716887950897217,84.27384615384615,93.204,54.50666666666666,54.50666666666666,20,6
decaf_reduced,in-training,"7.8, 7.12",,,,1ELW,,decoy,,0.2557447552680969,71.55382352941177,88.78913043478262,35.516363636363636,35.516363636363636,23,11
decaf_reduced,in-training,"7.8, 7.12",,,,2GBQ,,decoy,,0.537412166595459,75.47933333333334,82.697,61.044,60.31333333333333,10,5
decaf_reduced,in-training,"7.8, 7.12",,,,2GBQ,,decoy,,0.6517935395240784,74.18409090909091,82.61285714285712,59.43375,56.717692307692296,14,8
decaf_reduced,in-training,"7.8, 7.12",,,,2GBQ,,decoy,,0.16889718174934387,66.136875,75.511,50.51333333333334,50.51333333333334,20,12
decaf_reduced,in-training,"7.8, 7.12",,,,1D4T,,decoy,,0.29607269167900085,61.025200000000005,70.485,44.20777777777778,44.086,16,9
decaf_reduced,in-training,"7.8, 7.12",,,,1D4T,,decoy,,0.2633662223815918,61.32785714285715,68.543,43.29,43.833999999999996,20,8
decaf_reduced,in-training,"7.8, 7.12",,,,1D4T,,decoy,,0.2469239979982376,67.1973076923077,77.49388888888888,44.03,44.03,18,8
decaf_reduced,in-training,"7.8, 7.12",,,,1TP5,,decoy,,0.3586030602455139,63.27078947368421,75.3372,40.066153846153846,40.57733333333333,25,13
decaf_reduced,in-training,"7.8, 7.12",,,,1TP5,,decoy,,0.3948550820350647,75.41,85.97166666666665,43.725,43.725,24,8
decaf_reduced,in-training,"7.8, 7.12",,,,1TP5,,decoy,,0.3378755450248718,70.68142857142855,80.976,44.945,44.34416666666667,25,10
decaf_reduced,in-training,"7.8, 7.12",,,,2FNT,,decoy,,0.31181028485298157,71.51866666666666,83.17857142857143,44.312222222222225,43.57899999999999,21,9
decaf_reduced,in-training,"7.8, 7.12",,,,2FNT,,decoy,,0.4496755003929138,65.8130303030303,74.65777777777778,55.19933333333333,57.24434782608696,18,15
decaf_reduced,in-training,"7.8, 7.12",,,,2FNT,,decoy,,0.4932429790496826,74.50093749999999,82.35045454545455,57.23199999999999,57.099999999999994,22,10
decaf_reduced,in-training,"7.8, 7.12",,,,1NLO,,decoy,,0.5641379952430725,73.35764705882355,77.50777777777779,68.68875,67.29416666666667,9,8
decaf_reduced,in-training,"7.8, 7.12",,,,1NLO,,decoy,,0.1317358911037445,57.48875,69.11833333333333,45.85916666666666,46.86733333333334,12,12
decaf_reduced,in-training,"7.8, 7.12",,,,1NLO,,decoy,,0.16049116849899292,63.46625,74.41733333333335,45.21444444444444,44.33399999999999,15,9
decaf_reduced,in-training,"7.8, 7.12",,,,1OAI,,decoy,,0.4827006459236145,83.80812499999999,92.13499999999999,58.82750000000001,57.655,12,4
decaf_reduced,in-training,"7.8, 7.12",,,,1OAI,,decoy,,0.24844908714294434,73.67280000000001,85.38000000000001,48.795,49.298181818181824,17,8
decaf_reduced,in-training,"7.8, 7.12",,,,1OAI,,decoy,,0.16392505168914795,76.34555555555556,93.07,42.89666666666667,42.89666666666667,12,6
decaf_reduced,in-training,"7.8, 7.12",,,,4LN2,,decoy,,0.5528450608253479,76.79499999999999,81.87384615384615,67.36285714285714,64.494,13,7
decaf_reduced,in-training,"7.8, 7.12",,,,4LN2,,decoy,,0.17397341132164001,62.056756756756755,70.41173913043477,48.330714285714286,48.38266666666666,23,14
decaf_reduced,in-training,"7.8, 7.12",,,,4LN2,,decoy,,0.25642961263656616,66.37615384615384,73.66117647058825,52.61555555555555,52.801538461538456,17,9
decaf_reduced,in-training,"7.8, 7.12",,,,9F6S,,decoy,,0.20932860672473907,68.76181818181817,80.4,41.994,42.197272727272725,23,10
decaf_reduced,in-training,"7.8, 7.12",,,,9F6S,,decoy,,0.7864930033683777,81.6588,88.24705882352943,67.65875,67.65875,17,8
decaf_reduced,in-training,"7.8, 7.12",,,,9F6S,,decoy,,0.9121511578559875,88.16952380952382,89.42125,84.164,84.164,16,5
decaf_reduced,in-training,"7.8, 7.12",,,,8KDX,,decoy,,0.11667560040950775,57.6132258064516,60.7697435897436,52.260869565217384,52.260869565217384,39,23
decaf_reduced,in-training,"7.8, 7.12",,,,8KDX,,decoy,,0.1459609419107437,62.25857142857142,76.44125,43.34833333333333,43.34833333333333,8,6
decaf_reduced,in-training,"7.8, 7.12",,,,8KDX,,decoy,,0.378637433052063,62.770357142857144,64.51105263157893,59.095555555555556,59.126,19,9
decaf_reduced,in-training,"7.8, 7.12",,,,6YOO,,decoy,,0.43607816100120544,81.44727272727273,90.65928571428572,65.32625,63.31727272727273,14,8
decaf_reduced,in-training,"7.8, 7.12",,,,6YOO,,decoy,,0.3577619194984436,74.7916,90.28687500000001,47.24444444444445,47.041000000000004,16,9
decaf_reduced,in-training,"7.8, 7.12",,,,6YOO,,decoy,,0.9535379409790039,94.2178947368421,96.01916666666666,91.13,89.26375,12,7
decaf_reduced,in-training,"7.8, 7.12",,,,3DS4,,decoy,,0.5201554298400879,77.23944444444444,84.75999999999999,57.686,57.686,13,5
decaf_reduced,in-training,"7.8, 7.12",,,,3DS4,,decoy,,0.23530055582523346,70.68590909090909,79.664,51.44714285714286,49.90555555555555,15,7
decaf_reduced,in-training,"7.8, 7.12",,,,3DS4,,decoy,,0.2130534052848816,63.65428571428571,79.01769230769231,38.68875,38.961,13,8
decaf_reduced,in-training,"7.8, 7.12",,,,9GRF,,decoy,,0.16547676920890808,59.806875,72.44399999999999,38.745,39.07454545454545,10,6
decaf_reduced,in-training,"7.8, 7.12",,,,9GRF,,decoy,,0.13376563787460327,58.4884210526316,70.88173913043477,39.48533333333333,39.48533333333333,23,15
decaf_reduced,in-training,"7.8, 7.12",,,,9GRF,,decoy,,0.11126593500375748,65.88052631578948,80.03333333333332,41.618571428571435,42.370000000000005,12,7
decaf_reduced,in-training,"7.8, 7.12",,,,7S7J,,decoy,,0.828852653503418,89.29000000000002,93.11500000000001,82.49,83.78866666666666,16,9
decaf_reduced,in-training,"7.8, 7.12",,,,7S7J,,decoy,,0.2467508167028427,78.80000000000001,92.25538461538461,43.815999999999995,43.815999999999995,13,5
decaf_reduced,in-training,"7.8, 7.12",,,,7S7J,,decoy,,0.35824739933013916,81.196,90.70454545454547,55.0475,52.02,11,4
decaf_reduced,in-training,"7.8, 7.12",,,,4Z8J,,decoy,,0.19397130608558655,66.18235294117648,80.08565217391305,37.11181818181819,37.722500000000004,23,11
decaf_reduced,in-training,"7.8, 7.12",,,,4Z8J,,decoy,,0.9586148262023926,93.15700000000001,93.80571428571429,91.64333333333332,91.64333333333332,14,6
decaf_reduced,in-training,"7.8, 7.12",,,,4Z8J,,decoy,,0.11876121163368225,56.505428571428574,66.22416666666666,35.30090909090909,35.30090909090909,24,11
decaf_reduced,in-training,"7.8, 7.12",,,,8HLO,,decoy,,0.13020548224449158,69.63,79.97181818181818,56.99000000000001,60.34347826086956,11,9
decaf_reduced,in-training,"7.8, 7.12",,,,8HLO,,decoy,,0.3166031241416931,64.94750000000002,67.06533333333333,58.593999999999994,58.10666666666666,15,5
decaf_reduced,in-training,"7.8, 7.12",,,,8HLO,,decoy,,0.5232045650482178,81.50526315789473,91.94384615384617,58.88833333333334,58.88833333333334,13,6
decaf_reduced,in-training,"7.8, 7.12",,,,7OKL,,decoy,,0.3455890417098999,70.08666666666666,81.6661111111111,52.7175,52.7175,18,12
decaf_reduced,in-training,"7.8, 7.12",,,,7OKL,,decoy,,0.10268969088792801,78.05909090909093,94.149375,35.151666666666664,34.44888888888889,16,6
decaf_reduced,in-training,"7.8, 7.12",,,,7OKL,,decoy,,0.07811039686203003,74.57766666666667,93.42749999999998,36.878,35.126666666666665,20,10
decaf_reduced,in-training,"7.8, 7.12",,,,4O36,,decoy,,0.13174158334732056,44.73162162162162,47.31034482758621,35.38375,35.57899999999999,29,8
decaf_reduced,in-training,"7.8, 7.12",,,,4O36,,decoy,,0.088269904255867,37.79421052631579,37.8084,37.76692307692308,37.76692307692308,25,13
decaf_reduced,in-training,"7.8, 7.12",,,,4O36,,decoy,,0.12660880386829376,40.75115384615385,43.01523809523809,31.242,31.242,21,5
boltz2_reduced,in-training,"7.4, 7.6",,,,1YCR,pair_000,cognate,1YCR,0.5030779242515564,49.74612903225806,,,,,
boltz2_reduced,in-training,"7.4, 7.6",,,,1YCR,pair_001,decoy,8KDX,0.3691905736923218,42.50782608695651,,,,,
boltz2_reduced,in-training,"7.4, 7.6",,,,1YCR,pair_002,decoy,6YOO,0.3781622350215912,39.984,,,,,
boltz2_reduced,in-training,"7.4, 7.6",,,,1YCR,pair_003,decoy,1BE9,0.3818231225013733,43.019375,,,,,
boltz2_reduced,in-training,"7.4, 7.6",,,,1YCR,pair_004,scrambled,1YCR,0.39471521973609924,43.7169696969697,,,,,
boltz2_reduced,in-training,"7.4, 7.6",,,,1YCR,pair_005,scrambled,1YCR,0.4327256679534912,44.45307692307692,,,,,
boltz2_reduced,in-training,"7.4, 7.6",,,,1CKA,pair_006,cognate,1CKA,0.5243244171142578,61.090625,,,,,
boltz2_reduced,in-training,"7.4, 7.6",,,,1CKA,pair_007,decoy,9F6S,0.591730535030365,55.70642857142857,,,,,
boltz2_reduced,in-training,"7.4, 7.6",,,,1CKA,pair_008,decoy,6YOO,0.329208105802536,49.28730769230769,,,,,
boltz2_reduced,in-training,"7.4, 7.6",,,,1CKA,pair_009,decoy,4LN2,0.4175809323787689,48.671071428571416,,,,,
boltz2_reduced,in-training,"7.4, 7.6",,,,1CKA,pair_010,scrambled,1CKA,0.5726824998855591,54.56080000000001,,,,,
boltz2_reduced,in-training,"7.4, 7.6",,,,1CKA,pair_011,scrambled,1CKA,0.49244794249534607,53.4925,,,,,
boltz2_reduced,in-training,"7.4, 7.6",,,,1BE9,pair_012,cognate,1BE9,0.6239120960235596,52.96600000000001,,,,,
boltz2_reduced,in-training,"7.4, 7.6",,,,1BE9,pair_013,decoy,1SEM,0.24350208044052124,39.72612903225808,,,,,
boltz2_reduced,in-training,"7.4, 7.6",,,,1BE9,pair_014,decoy,1TP5,0.6360170841217041,50.29821428571429,,,,,
boltz2_reduced,in-training,"7.4, 7.6",,,,1BE9,pair_015,decoy,8HLO,0.3995545506477356,39.6484,,,,,
boltz2_reduced,in-training,"7.4, 7.6",,,,1BE9,pair_016,scrambled,1BE9,0.37680983543395996,44.294210526315794,,,,,
boltz2_reduced,in-training,"7.4, 7.6",,,,1BE9,pair_017,scrambled,1BE9,0.5126245021820068,42.28181818181818,,,,,
boltz2_reduced,in-training,"7.4, 7.6",,,,1SEM,pair_018,cognate,1SEM,0.6414303183555603,62.81666666666666,,,,,
boltz2_reduced,in-training,"7.4, 7.6",,,,1SEM,pair_019,decoy,1ELW,0.5519855618476868,49.235882352941175,,,,,
boltz2_reduced,in-training,"7.4, 7.6",,,,1SEM,pair_020,decoy,1OAI,0.4796886742115021,42.95071428571429,,,,,
boltz2_reduced,in-training,"7.4, 7.6",,,,1SEM,pair_021,decoy,4Z8J,0.5203585028648376,48.07285714285714,,,,,
boltz2_reduced,in-training,"7.4, 7.6",,,,1SEM,pair_022,scrambled,1SEM,0.6276153326034546,53.67733333333333,,,,,
boltz2_reduced,in-training,"7.4, 7.6",,,,1SEM,pair_023,scrambled,1SEM,0.6517933011054993,56.56043478260869,,,,,
boltz2_reduced,in-training,"7.4, 7.6",,,,1ELW,pair_024,cognate,1ELW,0.6632701754570007,48.652222222222214,,,,,
boltz2_reduced,in-training,"7.4, 7.6",,,,1ELW,pair_025,decoy,1CKA,0.4030146598815918,49.97800000000001,,,,,
boltz2_reduced,in-training,"7.4, 7.6",,,,1ELW,pair_026,decoy,7OKL,0.5783591866493225,56.205000000000005,,,,,
boltz2_reduced,in-training,"7.4, 7.6",,,,1ELW,pair_027,decoy,1NLO,0.4523950517177582,48.99380952380952,,,,,
boltz2_reduced,in-training,"7.4, 7.6",,,,1ELW,pair_028,scrambled,1ELW,0.41285815834999084,36.34916666666667,,,,,
boltz2_reduced,in-training,"7.4, 7.6",,,,1ELW,pair_029,scrambled,1ELW,0.6483963131904602,51.35611111111112,,,,,
boltz2_reduced,in-training,"7.4, 7.6",,,,2GBQ,pair_030,cognate,2GBQ,0.5331475734710693,56.79333333333333,,,,,
boltz2_reduced,in-training,"7.4, 7.6",,,,2GBQ,pair_031,decoy,1TP5,0.4433518946170807,47.65272727272727,,,,,
boltz2_reduced,in-training,"7.4, 7.6",,,,2GBQ,pair_032,decoy,8HLO,0.37877216935157776,49.15833333333333,,,,,
boltz2_reduced,in-training,"7.4, 7.6",,,,2GBQ,pair_033,decoy,6YOO,0.3115077614784241,46.8029411764706,,,,,
boltz2_reduced,in-training,"7.4, 7.6",,,,2GBQ,pair_034,scrambled,2GBQ,0.4863404631614685,49.725862068965526,,,,,
boltz2_reduced,in-training,"7.4, 7.6",,,,2GBQ,pair_035,scrambled,2GBQ,0.5863490104675293,51.24708333333333,,,,,
boltz2_reduced,in-training,"7.4, 7.6",,,,1D4T,pair_036,cognate,1D4T,0.39266031980514526,40.164285714285704,,,,,
boltz2_reduced,in-training,"7.4, 7.6",,,,1D4T,pair_037,decoy,1CKA,0.31365329027175903,41.43347826086956,,,,,
boltz2_reduced,in-training,"7.4, 7.6",,,,1D4T,pair_038,decoy,1SEM,0.3082905113697052,43.38794117647059,,,,,
boltz2_reduced,in-training,"7.4, 7.6",,,,1D4T,pair_039,decoy,1ELW,0.5417184829711914,43.60199999999998,,,,,
boltz2_reduced,in-training,"7.4, 7.6",,,,1D4T,pair_040,scrambled,1D4T,0.5011419653892517,44.097837837837844,,,,,
boltz2_reduced,in-training,"7.4, 7.6",,,,1D4T,pair_041,scrambled,1D4T,0.42423397302627563,42.3796875,,,,,
boltz2_reduced,in-training,"7.4, 7.6",,,,1TP5,pair_042,cognate,1TP5,0.6700184345245361,49.77434782608695,,,,,
boltz2_reduced,in-training,"7.4, 7.6",,,,1TP5,pair_043,decoy,1YCR,0.32006847858428955,40.40021276595745,,,,,
boltz2_reduced,in-training,"7.4, 7.6",,,,1TP5,pair_044,decoy,4Z8J,0.6312415599822998,46.077000000000005,,,,,
boltz2_reduced,in-training,"7.4, 7.6",,,,1TP5,pair_045,decoy,6YOO,0.3414362072944641,41.20736842105263,,,,,
boltz2_reduced,in-training,"7.4, 7.6",,,,1TP5,pair_046,scrambled,1TP5,0.5492100119590759,47.41028571428572,,,,,
boltz2_reduced,in-training,"7.4, 7.6",,,,1TP5,pair_047,scrambled,1TP5,0.5721750855445862,44.512666666666675,,,,,
boltz2_reduced,in-training,"7.4, 7.6",,,,2FNT,pair_048,cognate,2FNT,0.3781439960002899,49.4537037037037,,,,,
boltz2_reduced,in-training,"7.4, 7.6",,,,2FNT,pair_049,decoy,1CKA,0.3053024411201477,42.35695652173913,,,,,
boltz2_reduced,in-training,"7.4, 7.6",,,,2FNT,pair_050,decoy,7S7J,0.337319552898407,45.681041666666665,,,,,
boltz2_reduced,in-training,"7.4, 7.6",,,,2FNT,pair_051,decoy,3DS4,0.3436974287033081,42.247826086956515,,,,,
boltz2_reduced,in-training,"7.4, 7.6",,,,2FNT,pair_052,scrambled,2FNT,0.35446131229400635,43.68633333333333,,,,,
boltz2_reduced,in-training,"7.4, 7.6",,,,2FNT,pair_053,scrambled,2FNT,0.44078126549720764,43.230000000000004,,,,,
boltz2_reduced,in-training,"7.4, 7.6",,,,1NLO,pair_054,cognate,1NLO,0.469194620847702,47.198,,,,,
boltz2_reduced,in-training,"7.4, 7.6",,,,1NLO,pair_055,decoy,2GBQ,0.47906965017318726,53.24272727272728,,,,,
boltz2_reduced,in-training,"7.4, 7.6",,,,1NLO,pair_056,decoy,1YCR,0.25161802768707275,42.97210526315789,,,,,
boltz2_reduced,in-training,"7.4, 7.6",,,,1NLO,pair_057,decoy,9GRF,0.3632541596889496,43.467727272727274,,,,,
boltz2_reduced,in-training,"7.4, 7.6",,,,1NLO,pair_058,scrambled,1NLO,0.39128074049949646,43.94217391304348,,,,,
boltz2_reduced,in-training,"7.4, 7.6",,,,1NLO,pair_059,scrambled,1NLO,0.44121837615966797,44.452592592592595,,,,,
boltz2_reduced,in-training,"7.4, 7.6",,,,1OAI,pair_060,cognate,1OAI,0.680421769618988,53.71083333333333,,,,,
boltz2_reduced,in-training,"7.4, 7.6",,,,1OAI,pair_061,decoy,7OKL,0.5215767025947571,43.93208333333334,,,,,
boltz2_reduced,in-training,"7.4, 7.6",,,,1OAI,pair_062,decoy,1NLO,0.46732839941978455,53.26447368421053,,,,,
boltz2_reduced,in-training,"7.4, 7.6",,,,1OAI,pair_063,decoy,9F6S,0.463541716337204,51.25958333333333,,,,,
boltz2_reduced,in-training,"7.4, 7.6",,,,1OAI,pair_064,scrambled,1OAI,0.6236739158630371,48.4856,,,,,
boltz2_reduced,in-training,"7.4, 7.6",,,,1OAI,pair_065,scrambled,1OAI,0.6554751396179199,54.025757575757574,,,,,
boltz2_reduced,in-training,"7.4, 7.6",,,,4LN2,pair_066,cognate,4LN2,0.3447275757789612,47.233333333333334,,,,,
boltz2_reduced,in-training,"7.4, 7.6",,,,4LN2,pair_067,decoy,1CKA,0.6373090147972107,49.96185185185185,,,,,
boltz2_reduced,in-training,"7.4, 7.6",,,,4LN2,pair_068,decoy,8KDX,0.3239763081073761,42.61,,,,,
boltz2_reduced,in-training,"7.4, 7.6",,,,4LN2,pair_069,decoy,8HLO,0.4721110761165619,47.37227272727272,,,,,
boltz2_reduced,in-training,"7.4, 7.6",,,,4LN2,pair_070,scrambled,4LN2,0.3914543688297272,45.762,,,,,
boltz2_reduced,in-training,"7.4, 7.6",,,,4LN2,pair_071,scrambled,4LN2,0.5845714807510376,49.074285714285715,,,,,
boltz2_reduced,in-training,"7.4, 7.6",,,,9F6S,pair_072,cognate,9F6S,0.6766761541366577,52.827241379310344,,,,,
boltz2_reduced,in-training,"7.4, 7.6",,,,9F6S,pair_073,decoy,1D4T,0.26963508129119873,41.33555555555555,,,,,
boltz2_reduced,in-training,"7.4, 7.6",,,,9F6S,pair_074,decoy,4Z8J,0.5218664407730103,46.87705882352942,,,,,
boltz2_reduced,in-training,"7.4, 7.6",,,,9F6S,pair_075,decoy,1BE9,0.6856407523155212,54.916875000000005,,,,,
boltz2_reduced,in-training,"7.4, 7.6",,,,9F6S,pair_076,scrambled,9F6S,0.6227468848228455,52.333333333333336,,,,,
boltz2_reduced,in-training,"7.4, 7.6",,,,9F6S,pair_077,scrambled,9F6S,0.6040581464767456,52.08428571428571,,,,,
boltz2_reduced,in-training,"7.4, 7.6",,,,8KDX,pair_078,cognate,8KDX,0.40143173933029175,51.74068965517242,,,,,
boltz2_reduced,in-training,"7.4, 7.6",,,,8KDX,pair_079,decoy,7S7J,0.2555467486381531,48.10464285714287,,,,,
boltz2_reduced,in-training,"7.4, 7.6",,,,8KDX,pair_080,decoy,7OKL,0.5542275905609131,52.692608695652176,,,,,
boltz2_reduced,in-training,"7.4, 7.6",,,,8KDX,pair_081,decoy,1SEM,0.5891743302345276,59.67363636363636,,,,,
boltz2_reduced,in-training,"7.4, 7.6",,,,8KDX,pair_082,scrambled,8KDX,0.5196454524993896,47.806129032258056,,,,,
boltz2_reduced,in-training,"7.4, 7.6",,,,8KDX,pair_083,scrambled,8KDX,0.5174154043197632,50.55357142857143,,,,,
boltz2_reduced,in-training,"7.4, 7.6",,,,6YOO,pair_084,cognate,6YOO,0.3969806432723999,46.2988888888889,,,,,
boltz2_reduced,in-training,"7.4, 7.6",,,,6YOO,pair_085,decoy,1D4T,0.5019704699516296,43.945555555555565,,,,,
boltz2_reduced,in-training,"7.4, 7.6",,,,6YOO,pair_086,decoy,2FNT,0.44226813316345215,41.48571428571428,,,,,
boltz2_reduced,in-training,"7.4, 7.6",,,,6YOO,pair_087,decoy,4Z8J,0.495963454246521,45.451818181818176,,,,,
boltz2_reduced,in-training,"7.4, 7.6",,,,6YOO,pair_088,scrambled,6YOO,0.47857317328453064,46.264883720930236,,,,,
boltz2_reduced,in-training,"7.4, 7.6",,,,6YOO,pair_089,scrambled,6YOO,0.43807876110076904,45.45296296296297,,,,,
boltz2_reduced,in-training,"7.4, 7.6",,,,3DS4,pair_090,cognate,3DS4,0.3164914846420288,45.51192307692308,,,,,
boltz2_reduced,in-training,"7.4, 7.6",,,,3DS4,pair_091,decoy,1BE9,0.475048303604126,47.38766666666666,,,,,
boltz2_reduced,in-training,"7.4, 7.6",,,,3DS4,pair_092,decoy,1OAI,0.4971877336502075,43.23777777777778,,,,,
boltz2_reduced,in-training,"7.4, 7.6",,,,3DS4,pair_093,decoy,1CKA,0.5231238603591919,46.111,,,,,
boltz2_reduced,in-training,"7.4, 7.6",,,,3DS4,pair_094,scrambled,3DS4,0.3527219295501709,43.627500000000005,,,,,
boltz2_reduced,in-training,"7.4, 7.6",,,,3DS4,pair_095,scrambled,3DS4,0.44311806559562683,44.721034482758625,,,,,
boltz2_reduced,in-training,"7.4, 7.6",,,,9GRF,pair_096,cognate,9GRF,0.3591168224811554,39.96473684210526,,,,,
boltz2_reduced,in-training,"7.4, 7.6",,,,9GRF,pair_097,decoy,1NLO,0.5405057072639465,45.51916666666667,,,,,
boltz2_reduced,in-training,"7.4, 7.6",,,,9GRF,pair_098,decoy,8KDX,0.4112256169319153,41.82344827586206,,,,,
boltz2_reduced,in-training,"7.4, 7.6",,,,9GRF,pair_099,decoy,1SEM,0.49015045166015625,41.38857142857143,,,,,
boltz2_reduced,in-training,"7.4, 7.6",,,,9GRF,pair_100,scrambled,9GRF,0.3706308901309967,38.62705882352942,,,,,
boltz2_reduced,in-training,"7.4, 7.6",,,,9GRF,pair_101,scrambled,9GRF,0.48211365938186646,40.87517241379311,,,,,
boltz2_reduced,in-training,"7.4, 7.6",,,,7S7J,pair_102,cognate,7S7J,0.6115968823432922,49.601951219512195,,,,,
boltz2_reduced,in-training,"7.4, 7.6",,,,7S7J,pair_103,decoy,4O36,0.5703500509262085,47.45782608695652,,,,,
boltz2_reduced,in-training,"7.4, 7.6",,,,7S7J,pair_104,decoy,1BE9,0.5240171551704407,49.455000000000005,,,,,
boltz2_reduced,in-training,"7.4, 7.6",,,,7S7J,pair_105,decoy,7OKL,0.635244607925415,45.957647058823525,,,,,
boltz2_reduced,in-training,"7.4, 7.6",,,,7S7J,pair_106,scrambled,7S7J,0.6738840937614441,50.111304347826085,,,,,
boltz2_reduced,in-training,"7.4, 7.6",,,,7S7J,pair_107,scrambled,7S7J,0.5990602970123291,46.37741379310344,,,,,
boltz2_reduced,in-training,"7.4, 7.6",,,,4Z8J,pair_108,cognate,4Z8J,0.6915258765220642,47.487142857142864,,,,,
boltz2_reduced,in-training,"7.4, 7.6",,,,4Z8J,pair_109,decoy,6YOO,0.30901992321014404,38.01037037037037,,,,,
boltz2_reduced,in-training,"7.4, 7.6",,,,4Z8J,pair_110,decoy,9F6S,0.5434132218360901,44.45409090909091,,,,,
boltz2_reduced,in-training,"7.4, 7.6",,,,4Z8J,pair_111,decoy,4LN2,0.4133381247520447,44.08222222222223,,,,,
boltz2_reduced,in-training,"7.4, 7.6",,,,4Z8J,pair_112,scrambled,4Z8J,0.48322898149490356,42.28526315789473,,,,,
boltz2_reduced,in-training,"7.4, 7.6",,,,4Z8J,pair_113,scrambled,4Z8J,0.6366499066352844,48.661290322580655,,,,,
boltz2_reduced,in-training,"7.4, 7.6",,,,8HLO,pair_114,cognate,8HLO,0.517284095287323,55.44954545454545,,,,,
boltz2_reduced,in-training,"7.4, 7.6",,,,8HLO,pair_115,decoy,7S7J,0.3301225006580353,50.462857142857146,,,,,
boltz2_reduced,in-training,"7.4, 7.6",,,,8HLO,pair_116,decoy,7OKL,0.4039668142795563,47.114444444444445,,,,,
boltz2_reduced,in-training,"7.4, 7.6",,,,8HLO,pair_117,decoy,1TP5,0.6258801221847534,58.01466666666667,,,,,
boltz2_reduced,in-training,"7.4, 7.6",,,,8HLO,pair_118,scrambled,8HLO,0.3501984179019928,44.26846153846154,,,,,
boltz2_reduced,in-training,"7.4, 7.6",,,,8HLO,pair_119,scrambled,8HLO,0.5293857455253601,54.03967741935484,,,,,
boltz2_reduced,in-training,"7.4, 7.6",,,,7OKL,pair_120,cognate,7OKL,0.3638148307800293,43.413636363636364,,,,,
boltz2_reduced,in-training,"7.4, 7.6",,,,7OKL,pair_121,decoy,6YOO,0.20564007759094238,44.875384615384604,,,,,
boltz2_reduced,in-training,"7.4, 7.6",,,,7OKL,pair_122,decoy,1OAI,0.27321532368659973,38.949,,,,,
boltz2_reduced,in-training,"7.4, 7.6",,,,7OKL,pair_123,decoy,2GBQ,0.386418879032135,47.61431818181818,,,,,
boltz2_reduced,in-training,"7.4, 7.6",,,,7OKL,pair_124,scrambled,7OKL,0.5267829895019531,43.63894736842105,,,,,
boltz2_reduced,in-training,"7.4, 7.6",,,,7OKL,pair_125,scrambled,7OKL,0.2921598255634308,39.47133333333333,,,,,
boltz2_reduced,in-training,"7.4, 7.6",,,,4O36,pair_126,cognate,4O36,0.27442485094070435,39.401481481481476,,,,,
boltz2_reduced,in-training,"7.4, 7.6",,,,4O36,pair_127,decoy,9GRF,0.23405858874320984,35.64714285714286,,,,,
boltz2_reduced,in-training,"7.4, 7.6",,,,4O36,pair_128,decoy,8HLO,0.16436155140399933,38.50533333333335,,,,,
boltz2_reduced,in-training,"7.4, 7.6",,,,4O36,pair_129,decoy,1BE9,0.3329412341117859,38.48041666666666,,,,,
boltz2_reduced,in-training,"7.4, 7.6",,,,4O36,pair_130,scrambled,4O36,0.2409854680299759,37.22340909090909,,,,,
boltz2_reduced,in-training,"7.4, 7.6",,,,4O36,pair_131,scrambled,4O36,0.21897543966770172,36.366734693877554,,,,,
boltz1_full,in-training,7.13,200,3,,1YCR,pair_000,cognate,1YCR,0.8639678359031677,86.5140625,88.9735,82.41499999999998,82.49066666666666,20,12
boltz1_full,in-training,7.13,200,3,,1YCR,pair_001,decoy,8KDX,0.25507497787475586,65.52054054054054,79.16375,40.33307692307692,40.616,24,13
boltz1_full,in-training,7.13,200,3,,1YCR,pair_002,decoy,6YOO,0.5017983317375183,70.28125,83.2304761904762,45.56,45.64166666666667,21,11
boltz1_full,in-training,7.13,200,3,,1YCR,pair_003,decoy,1BE9,0.41377681493759155,77.79190476190476,89.045625,41.78,41.78,16,5
boltz1_full,in-training,7.13,200,3,,1YCR,pair_004,scrambled,1YCR,0.5807089805603027,81.4448275862069,89.03263157894736,67.02799999999999,65.454,19,10
boltz1_full,in-training,7.13,200,3,,1YCR,pair_005,scrambled,1YCR,0.7453436851501465,78.59464285714286,87.07333333333332,68.81153846153846,71.30533333333332,15,13
boltz1_full,in-training,7.13,200,3,,1CKA,pair_006,cognate,1CKA,0.917180597782135,95.92124999999999,97.86533333333334,92.6811111111111,92.53399999999999,15,9
boltz1_full,in-training,7.13,200,3,,1CKA,pair_007,decoy,9F6S,0.6349039077758789,84.69941176470589,93.5790909090909,68.42,68.42,11,6
boltz1_full,in-training,7.13,200,3,,1CKA,pair_008,decoy,6YOO,0.07364178448915482,75.23222222222222,90.06333333333333,45.57,46.51749999999999,18,9
boltz1_full,in-training,7.13,200,3,,1CKA,pair_009,decoy,4LN2,0.4411402642726898,73.58380952380952,87.54666666666667,54.96666666666667,54.07727272727272,12,9
boltz1_full,in-training,7.13,200,3,,1CKA,pair_010,scrambled,1CKA,0.9202780723571777,96.32090909090908,97.72133333333333,93.32000000000001,90.735,15,7
boltz1_full,in-training,7.13,200,3,,1CKA,pair_011,scrambled,1CKA,0.7116613984107971,85.41411764705883,93.848,73.36571428571428,73.694,10,7
boltz1_full,in-training,7.13,200,3,,1BE9,pair_012,cognate,1BE9,0.9878419041633606,97.98043478260868,98.39388888888888,96.492,96.492,18,5
boltz1_full,in-training,7.13,200,3,,1BE9,pair_016,scrambled,1BE9,0.8683499097824097,89.68428571428572,96.21000000000001,68.80199999999999,68.80199999999999,16,5
boltz1_full,in-training,7.13,200,3,,1BE9,pair_017,scrambled,1BE9,0.6273170709609985,89.0785,95.66333333333336,69.32399999999998,69.32399999999998,15,5
boltz1_full,in-training,7.13,200,3,,1SEM,pair_018,cognate,1SEM,0.8858343958854675,97.06157894736842,98.5225,94.55714285714285,91.15200000000002,12,7
boltz1_full,in-training,7.13,200,3,,1SEM,pair_022,scrambled,1SEM,0.6236041188240051,81.7865,91.93846153846154,62.932857142857145,61.227,13,7
boltz1_full,in-training,7.13,200,3,,1SEM,pair_023,scrambled,1SEM,0.7232182621955872,91.69666666666666,96.24,86.01750000000001,82.74499999999998,10,8
boltz1_full,in-training,7.13,200,3,,1ELW,pair_024,cognate,1ELW,0.9777377247810364,98.28107142857142,98.789,97.01124999999999,97.01124999999999,20,8
boltz1_full,in-training,7.13,200,3,,1ELW,pair_028,scrambled,1ELW,0.8015145659446716,86.64781249999999,94.64291666666668,62.6625,62.6625,24,8
boltz1_full,in-training,7.13,200,3,,1ELW,pair_029,scrambled,1ELW,0.6757503151893616,84.01655172413793,94.56619047619047,56.32375,56.32375,21,8
boltz1_full,in-training,7.13,200,3,,2GBQ,pair_030,cognate,2GBQ,0.8249646425247192,85.2124,88.05071428571429,81.60000000000001,82.155,14,11
boltz1_full,in-training,7.13,200,3,,2GBQ,pair_034,scrambled,2GBQ,0.4868294596672058,67.6475,79.59153846153846,53.531818181818174,53.09666666666666,13,11
boltz1_full,in-training,7.13,200,3,,2GBQ,pair_035,scrambled,2GBQ,0.7149436473846436,79.27,85.59818181818183,72.309,71.30666666666667,11,10
boltz1_full,in-training,7.13,200,3,,1D4T,pair_036,cognate,1D4T,0.9613912105560303,95.91454545454546,96.72913043478263,94.041,92.40818181818183,23,10
boltz1_full,in-training,7.13,200,3,,1D4T,pair_040,scrambled,1D4T,0.6735624074935913,83.2371875,90.36904761904762,69.62181818181818,69.62181818181818,21,11
boltz1_full,in-training,7.13,200,3,,1D4T,pair_041,scrambled,1D4T,0.18680527806282043,67.95942857142859,82.97458333333333,35.19909090909091,35.19909090909091,24,11
boltz1_full,in-training,7.13,200,3,,1TP5,pair_042,cognate,1TP5,0.9655926823616028,96.5886956521739,97.96529411764705,92.68833333333333,92.68833333333333,17,6
boltz1_full,in-training,7.13,200,3,,1TP5,pair_046,scrambled,1TP5,0.6955563426017761,89.71956521739129,96.21588235294116,71.31333333333333,71.31333333333333,17,6
boltz1_full,in-training,7.13,200,3,,1TP5,pair_047,scrambled,1TP5,0.34202104806900024,79.82133333333331,90.55083333333333,36.903333333333336,36.903333333333336,24,6
boltz1_full,in-training,7.13,200,3,,2FNT,pair_048,cognate,2FNT,0.515227735042572,79.35275862068966,87.91428571428571,56.87875,56.306000000000004,21,8
boltz1_full,in-training,7.13,200,3,,2FNT,pair_052,scrambled,2FNT,0.20793411135673523,66.90513513513514,79.3374074074074,33.338,33.338,27,10
boltz1_full,in-training,7.13,200,3,,2FNT,pair_053,scrambled,2FNT,0.2354988008737564,67.89233333333334,83.52199999999999,36.632999999999996,36.632999999999996,20,10
boltz1_full,in-training,7.13,200,3,,1NLO,pair_054,cognate,1NLO,0.7327758073806763,82.66541666666667,88.564375,70.8675,73.72454545454546,16,8
boltz1_full,in-training,7.13,200,3,,1NLO,pair_058,scrambled,1NLO,0.3718484342098236,70.625,81.31777777777778,51.378,51.97181818181818,18,10
boltz1_full,in-training,7.13,200,3,,1NLO,pair_059,scrambled,1NLO,0.353371798992157,70.48375,81.366,52.346666666666664,50.20363636363636,15,9
boltz1_full,in-training,7.13,200,3,,1OAI,pair_060,cognate,1OAI,0.7804477214813232,94.25,97.5653846153846,87.06666666666666,80.72777777777777,13,6
boltz1_full,in-training,7.13,200,3,,1OAI,pair_064,scrambled,1OAI,0.6120389103889465,79.72111111111111,92.54272727272728,59.57285714285714,58.4388888888889,11,7
boltz1_full,in-training,7.13,200,3,,1OAI,pair_065,scrambled,1OAI,0.33374714851379395,77.96117647058823,91.54272727272728,53.06166666666667,51.42666666666666,11,6
boltz1_full,in-training,7.13,200,3,,4LN2,pair_066,cognate,4LN2,0.9192882776260376,94.30449999999999,97.45,89.58625,86.49818181818183,12,8
boltz1_full,in-training,7.13,200,3,,4LN2,pair_070,scrambled,4LN2,0.5373263955116272,86.99611111111113,93.01181818181819,77.54285714285713,75.91727272727273,11,7
boltz1_full,in-training,7.13,200,3,,4LN2,pair_071,scrambled,4LN2,0.3283623456954956,70.9246153846154,88.170625,43.331,42.89818181818182,16,10
boltz1_full,in-training,7.13,200,3,,9F6S,pair_072,cognate,9F6S,0.9167593717575073,89.24041666666666,92.95500000000001,78.09666666666668,78.09666666666668,18,6
boltz1_full,in-training,7.13,200,3,,9F6S,pair_076,scrambled,9F6S,0.8771926164627075,85.66541666666667,90.41944444444444,71.40333333333334,71.40333333333334,18,6
boltz1_full,in-training,7.13,200,3,,9F6S,pair_077,scrambled,9F6S,0.884154736995697,80.19217391304349,86.27117647058824,62.968333333333334,62.968333333333334,17,6
boltz1_full,in-training,7.13,200,3,,8KDX,pair_078,cognate,8KDX,0.32487720251083374,72.94266666666665,86.12052631578948,50.18090909090909,49.30866666666666,19,11
boltz1_full,in-training,7.13,200,3,,8KDX,pair_082,scrambled,8KDX,0.34284311532974243,72.25029411764706,84.26210526315788,57.035333333333334,57.035333333333334,19,15
boltz1_full,in-training,7.13,200,3,,8KDX,pair_083,scrambled,8KDX,0.3079286515712738,68.75608695652173,81.23428571428569,49.345555555555556,50.077333333333335,14,9
boltz1_full,in-training,7.13,200,3,,6YOO,pair_084,cognate,6YOO,0.8853726983070374,91.45791666666666,97.31400000000001,81.69777777777776,79.08749999999999,15,9
boltz1_full,in-training,7.13,200,3,,6YOO,pair_088,scrambled,6YOO,0.6881387829780579,83.19178571428571,93.54166666666667,64.562,62.096666666666664,18,10
boltz1_full,in-training,7.13,200,3,,6YOO,pair_089,scrambled,6YOO,0.3527638614177704,74.95032258064516,90.65400000000001,46.39818181818182,46.56,20,11
boltz1_full,in-training,7.13,200,3,,3DS4,pair_090,cognate,3DS4,0.9317837357521057,93.84185185185187,93.84166666666667,93.84222222222222,91.40583333333332,18,9
boltz1_full,in-training,7.13,200,3,,3DS4,pair_094,scrambled,3DS4,0.34237486124038696,67.13033333333334,80.94368421052633,43.270909090909086,43.605,19,11
boltz1_full,in-training,7.13,200,3,,3DS4,pair_095,scrambled,3DS4,0.4548649787902832,72.05833333333334,82.85142857142857,46.87444444444445,47.18666666666667,21,9
boltz1_full,in-training,7.13,200,3,,9GRF,pair_096,cognate,9GRF,0.1517646312713623,71.62904761904763,89.42857142857142,36.03000000000001,35.733000000000004,14,7
boltz1_full,in-training,7.13,200,3,,9GRF,pair_100,scrambled,9GRF,0.09908502548933029,68.09136363636364,90.34142857142857,29.15375,28.056999999999995,14,8
boltz1_full,in-training,7.13,200,3,,9GRF,pair_101,scrambled,9GRF,0.13732175529003143,65.6,88.58749999999999,34.95,34.39200000000001,12,9
boltz1_full,in-training,7.13,200,3,,7S7J,pair_102,cognate,7S7J,0.8546221852302551,89.0736111111111,93.77904761904762,82.486,81.59391304347827,21,15
boltz1_full,in-training,7.13,200,3,,7S7J,pair_106,scrambled,7S7J,0.795574426651001,90.72742857142859,93.09727272727272,86.71692307692307,84.59173913043477,22,13
boltz1_full,in-training,7.13,200,3,,7S7J,pair_107,scrambled,7S7J,0.6554794311523438,84.91410256410255,89.22208333333333,78.02133333333333,78.32434782608696,24,15
boltz1_full,in-training,7.13,200,3,,4Z8J,pair_108,cognate,4Z8J,0.9742338061332703,98.0124,98.82588235294119,96.28375,96.28375,17,8
boltz1_full,in-training,7.13,200,3,,4Z8J,pair_112,scrambled,4Z8J,0.3080161511898041,77.128,92.52823529411765,44.4025,44.4025,17,8
boltz1_full,in-training,7.13,200,3,,4Z8J,pair_113,scrambled,4Z8J,0.970658540725708,97.28760000000003,98.39411764705882,94.93625,94.93625,17,8
boltz1_full,in-training,7.13,200,3,,8HLO,pair_114,cognate,8HLO,0.8444807529449463,91.98136363636364,96.50214285714287,84.07,85.22615384615385,14,8
boltz1_full,in-training,7.13,200,3,,8HLO,pair_118,scrambled,8HLO,0.2924087941646576,72.5048,86.39882352941176,42.98,42.380769230769225,17,8
boltz1_full,in-training,7.13,200,3,,8HLO,pair_119,scrambled,8HLO,0.5577626824378967,81.36136363636363,90.058,62.72571428571429,64.71307692307691,15,7
boltz1_full,in-training,7.13,200,3,,7OKL,pair_120,cognate,7OKL,0.6358723640441895,94.71142857142856,97.94090909090909,82.87,83.81666666666666,11,3
boltz1_full,in-training,7.13,200,3,,7OKL,pair_124,scrambled,7OKL,0.16887672245502472,71.74875,95.97399999999999,31.373333333333335,31.373333333333335,10,6
boltz1_full,in-training,7.13,200,3,,7OKL,pair_125,scrambled,7OKL,0.8309569954872131,86.59937500000001,93.328,75.385,75.385,10,6
boltz1_full,in-training,7.13,200,3,,4O36,pair_126,cognate,4O36,0.9594433903694153,98.355625,98.56095238095239,97.96363636363635,97.16933333333331,21,11
boltz1_full,in-training,7.13,200,3,,4O36,pair_130,scrambled,4O36,0.255381315946579,69.28970588235293,87.83368421052631,45.800666666666665,45.800666666666665,19,15
boltz1_full,in-training,7.13,200,3,,4O36,pair_131,scrambled,4O36,0.3025289475917816,75.83604651162791,89.44793103448275,47.64000000000001,47.08000000000001,29,14
boltz1_full,in-training,7.13,200,3,,1BE9,pair_013,decoy,1SEM,0.2729843258857727,63.22214285714286,71.8863157894737,44.93111111111111,44.336999999999996,19,9
boltz1_full,in-training,7.13,200,3,,1BE9,pair_014,decoy,1TP5,0.9606402516365051,98.27761904761904,98.520625,97.5,93.30166666666666,16,5
boltz1_full,in-training,7.13,200,3,,1BE9,pair_015,decoy,8HLO,0.15916898846626282,74.66317073170732,90.20758620689654,37.0975,37.66615384615385,29,12
boltz1_full,in-training,7.13,200,3,,1SEM,pair_019,decoy,1ELW,0.08829754590988159,70.42222222222222,89.64999999999999,40.20714285714286,38.9975,11,7
boltz1_full,in-training,7.13,200,3,,1SEM,pair_020,decoy,1OAI,0.24695153534412384,74.58875,88.4311111111111,56.79142857142857,55.95777777777777,9,7
boltz1_full,in-training,7.13,200,3,,1SEM,pair_021,decoy,4Z8J,0.06900234520435333,66.23384615384614,95.46499999999999,41.17857142857143,40.83125,6,7
boltz1_full,in-training,7.13,200,3,,1ELW,pair_025,decoy,1CKA,0.27686235308647156,78.22033333333333,91.75772727272728,40.99250000000001,39.024,22,8
boltz1_full,in-training,7.13,200,3,,1ELW,pair_026,decoy,7OKL,0.9122966527938843,88.72238095238097,95.83375000000001,65.96600000000001,63.72833333333333,16,5
boltz1_full,in-training,7.13,200,3,,1ELW,pair_027,decoy,1NLO,0.6073322892189026,78.95222222222222,92.08578947368423,47.76,45.094545454545454,19,8
boltz1_full,in-training,7.13,200,3,,2GBQ,pair_031,decoy,1TP5,0.26957201957702637,68.372,84.42222222222222,44.29666666666666,44.29666666666666,9,6
boltz1_full,in-training,7.13,200,3,,2GBQ,pair_032,decoy,8HLO,0.7494803667068481,80.45692307692308,87.01625,69.96200000000002,67.98923076923077,16,10
boltz1_full,in-training,7.13,200,3,,2GBQ,pair_033,decoy,6YOO,0.16069887578487396,68.64173913043479,80.75571428571432,49.79777777777778,49.33583333333334,14,9
boltz1_full,in-training,7.13,200,3,,1D4T,pair_037,decoy,1CKA,0.27090680599212646,69.80137931034483,85.39157894736843,40.17999999999999,40.17999999999999,19,10
boltz1_full,in-training,7.13,200,3,,1D4T,pair_038,decoy,1SEM,0.22456595301628113,70.64000000000001,85.93058823529412,41.75777777777778,42.034000000000006,17,9
boltz1_full,in-training,7.13,200,3,,1D4T,pair_039,decoy,1ELW,0.1672814041376114,72.05318181818183,89.05799999999999,35.61428571428572,34.64875,15,7
boltz1_full,in-training,7.13,200,3,,1TP5,pair_043,decoy,1YCR,0.1625596284866333,74.834375,89.06391304347827,38.47,37.28933333333334,23,9
boltz1_full,in-training,7.13,200,3,,1TP5,pair_044,decoy,4Z8J,0.8608981966972351,85.46875,88.82666666666667,75.395,75.395,24,8
boltz1_full,in-training,7.13,200,3,,1TP5,pair_045,decoy,6YOO,0.21102382242679596,75.808,89.3484,41.957,41.0625,25,10
boltz1_full,in-training,7.13,200,3,,2FNT,pair_049,decoy,1CKA,0.24756841361522675,69.16606060606061,81.79347826086958,40.123000000000005,40.123000000000005,23,10
boltz1_full,in-training,7.13,200,3,,2FNT,pair_050,decoy,7S7J,0.3200772702693939,68.5328205128205,79.01095238095238,56.30833333333333,57.61217391304348,21,18
boltz1_full,in-training,7.13,200,3,,2FNT,pair_051,decoy,3DS4,0.32492390275001526,72.52878787878787,82.14500000000001,53.29636363636362,53.245833333333316,22,11
boltz1_full,in-training,7.13,200,3,,1NLO,pair_055,decoy,2GBQ,0.7849754691123962,84.36608695652174,87.86307692307693,79.82000000000001,79.50333333333333,13,10
boltz1_full,in-training,7.13,200,3,,1NLO,pair_056,decoy,1YCR,0.19757618010044098,68.02083333333333,76.72600000000001,53.51222222222222,54.958,15,9
boltz1_full,in-training,7.13,200,3,,1NLO,pair_057,decoy,9GRF,0.3545042872428894,69.47590909090908,82.15285714285714,47.29125,47.501000000000005,14,8
boltz1_full,in-training,7.13,200,3,,1OAI,pair_061,decoy,7OKL,0.39716941118240356,81.79470588235293,93.52333333333333,53.646,52.69166666666667,12,5
boltz1_full,in-training,7.13,200,3,,1OAI,pair_062,decoy,1NLO,0.3153563141822815,77.36772727272727,89.24933333333333,51.90714285714286,51.29636363636364,15,7
boltz1_full,in-training,7.13,200,3,,1OAI,pair_063,decoy,9F6S,0.156221404671669,78.45555555555556,94.58583333333333,46.195,46.195,12,6
boltz1_full,in-training,7.13,200,3,,4LN2,pair_067,decoy,1CKA,0.8092670440673828,93.64473684210526,97.48909090909092,88.35875,87.236,11,8
boltz1_full,in-training,7.13,200,3,,4LN2,pair_068,decoy,8KDX,0.21490168571472168,70.50238095238095,88.10000000000001,47.038888888888884,46.96066666666666,12,9
boltz1_full,in-training,7.13,200,3,,4LN2,pair_069,decoy,8HLO,0.8382434844970703,92.91157894736843,97.29916666666666,85.39,76.75846153846155,12,7
boltz1_full,in-training,7.13,200,3,,9F6S,pair_073,decoy,1D4T,0.18334294855594635,68.89583333333331,81.44692307692307,36.263,36.881818181818176,26,10
boltz1_full,in-training,7.13,200,3,,9F6S,pair_074,decoy,4Z8J,0.8780782222747803,84.13333333333333,90.18473684210527,69.76125,69.76125,19,8
boltz1_full,in-training,7.13,200,3,,9F6S,pair_075,decoy,1BE9,0.9778763055801392,90.76904761904763,91.609375,88.08,88.08,16,5
boltz1_full,in-training,7.13,200,3,,8KDX,pair_079,decoy,7S7J,0.1955263614654541,70.87363636363636,79.44263157894737,59.244285714285716,61.246521739130415,19,14
boltz1_full,in-training,7.13,200,3,,8KDX,pair_080,decoy,7OKL,0.2661632299423218,78.18833333333333,88.73,46.56333333333333,44.071666666666665,9,3
boltz1_full,in-training,7.13,200,3,,8KDX,pair_081,decoy,1SEM,0.8323439955711365,92.21791666666667,95.92875000000001,84.79625,85.587,16,8
boltz1_full,in-training,7.13,200,3,,6YOO,pair_085,decoy,1D4T,0.6575905680656433,89.24999999999999,95.59785714285714,78.14125000000001,72.28363636363635,14,8
boltz1_full,in-training,7.13,200,3,,6YOO,pair_086,decoy,2FNT,0.36728784441947937,72.00782608695653,90.0592857142857,43.92777777777778,42.351000000000006,14,9
boltz1_full,in-training,7.13,200,3,,6YOO,pair_087,decoy,4Z8J,0.9390899538993835,94.70500000000001,97.34538461538462,89.80142857142857,87.70124999999999,13,7
boltz1_full,in-training,7.13,200,3,,3DS4,pair_091,decoy,1BE9,0.27248460054397583,72.78578947368422,84.40642857142856,40.248,40.248,14,5
boltz1_full,in-training,7.13,200,3,,3DS4,pair_092,decoy,1OAI,0.21244946122169495,68.61359999999999,81.945,44.91333333333333,44.91333333333333,16,9
boltz1_full,in-training,7.13,200,3,,3DS4,pair_093,decoy,1CKA,0.2068987786769867,67.6276923076923,82.09647058823529,40.29777777777778,39.771,17,9
boltz1_full,in-training,7.13,200,3,,9GRF,pair_097,decoy,1NLO,0.16962580382823944,70.01190476190476,86.09230769230768,43.881249999999994,42.88272727272727,13,8
boltz1_full,in-training,7.13,200,3,,9GRF,pair_098,decoy,8KDX,0.15408331155776978,71.25093749999999,86.61149999999999,45.65,46.07733333333333,20,12
boltz1_full,in-training,7.13,200,3,,9GRF,pair_099,decoy,1SEM,0.24024584889411926,70.16090909090909,86.61166666666666,50.42,51.135000000000005,6,5
boltz1_full,in-training,7.13,200,3,,7S7J,pair_103,decoy,4O36,0.8769538402557373,88.62307692307694,93.23470588235294,79.91222222222223,82.19866666666667,17,9
boltz1_full,in-training,7.13,200,3,,7S7J,pair_104,decoy,1BE9,0.2842042148113251,78.05117647058823,93.19916666666667,41.696,41.696,12,5
boltz1_full,in-training,7.13,200,3,,7S7J,pair_105,decoy,7OKL,0.3873639702796936,81.79000000000002,91.49357142857143,47.8275,48.343333333333334,14,4
boltz1_full,in-training,7.13,200,3,,4Z8J,pair_109,decoy,6YOO,0.23829953372478485,74.2834375,88.33772727272726,43.364,43.32333333333333,22,10
boltz1_full,in-training,7.13,200,3,,4Z8J,pair_110,decoy,9F6S,0.9741851687431335,97.15913043478263,98.00411764705883,94.765,94.765,17,6
boltz1_full,in-training,7.13,200,3,,4Z8J,pair_111,decoy,4LN2,0.4159475564956665,72.65870967741935,90.09899999999999,40.949090909090906,40.949090909090906,20,11
boltz1_full,in-training,7.13,200,3,,8HLO,pair_115,decoy,7S7J,0.2071390151977539,70.45057142857142,77.54619047619047,59.807142857142864,64.8208695652174,21,14
boltz1_full,in-training,7.13,200,3,,8HLO,pair_116,decoy,7OKL,0.39571425318717957,78.72818181818182,92.00714285714287,55.489999999999995,56.92333333333334,7,4
boltz1_full,in-training,7.13,200,3,,8HLO,pair_117,decoy,1TP5,0.8456225395202637,85.96052631578948,94.81285714285714,61.174,60.80500000000001,14,5
boltz1_full,in-training,7.13,200,3,,7OKL,pair_121,decoy,6YOO,0.15369069576263428,71.53375,93.32000000000001,45.78636363636363,44.791666666666664,13,11
boltz1_full,in-training,7.13,200,3,,7OKL,pair_122,decoy,1OAI,0.39402616024017334,69.4825,91.56875,47.396249999999995,47.10888888888889,8,8
boltz1_full,in-training,7.13,200,3,,7OKL,pair_123,decoy,2GBQ,0.1639891415834427,76.66241379310345,93.58684210526316,44.50600000000001,43.903333333333336,19,10
boltz1_full,in-training,7.13,200,3,,4O36,pair_127,decoy,9GRF,0.2477831095457077,75.0571875,89.52227272727272,43.233999999999995,43.233999999999995,22,10
boltz1_full,in-training,7.13,200,3,,4O36,pair_128,decoy,8HLO,0.09904031455516815,74.67375,90.94296296296297,40.88384615384616,40.88384615384616,27,13
boltz1_full,in-training,7.13,200,3,,4O36,pair_129,decoy,1BE9,0.5445659160614014,81.42619047619048,93.4675,42.894,42.894,16,5
boltz1_sampling_only,in-training,7.16,200,1,32,1YCR,pair_000,cognate,1YCR,0.811062753200531,83.3039393939394,85.82428571428571,78.89333333333333,79.25800000000001,21,12
boltz1_sampling_only,in-training,7.16,200,1,32,1YCR,pair_004,scrambled,1YCR,0.3892512023448944,72.84766666666668,81.30142857142857,53.12222222222223,53.04933333333334,21,9
boltz1_sampling_only,in-training,7.16,200,1,32,1YCR,pair_005,scrambled,1YCR,0.7710392475128174,77.05482758620691,83.12055555555555,67.12909090909089,68.08266666666665,18,11
boltz1_sampling_only,in-training,7.16,200,1,32,1CKA,pair_006,cognate,1CKA,0.9196191430091858,96.1225,98.02466666666668,92.95222222222222,92.771,15,9
boltz1_sampling_only,in-training,7.16,200,1,32,1CKA,pair_010,scrambled,1CKA,0.6351425051689148,84.24809523809523,92.05928571428569,68.62571428571428,68.578,14,7
boltz1_sampling_only,in-training,7.16,200,1,32,1CKA,pair_011,scrambled,1CKA,0.3641529381275177,82.85809523809525,91.03571428571429,66.50285714285715,66.491,14,7
boltz1_sampling_only,in-training,7.16,200,1,32,1BE9,pair_012,cognate,1BE9,0.9777954816818237,94.74833333333333,95.20157894736842,93.026,93.026,19,5
boltz1_sampling_only,in-training,7.16,200,1,32,1BE9,pair_016,scrambled,1BE9,0.718621551990509,76.37052631578948,77.05214285714285,74.462,74.462,14,5
boltz1_sampling_only,in-training,7.16,200,1,32,1BE9,pair_017,scrambled,1BE9,0.7066856026649475,79.03842105263156,80.22285714285714,75.72200000000001,75.72200000000001,14,5
boltz1_sampling_only,in-training,7.16,200,1,32,1SEM,pair_018,cognate,1SEM,0.8943379521369934,96.9005,98.50583333333333,94.49249999999999,92.80600000000001,12,8
boltz1_sampling_only,in-training,7.16,200,1,32,1SEM,pair_022,scrambled,1SEM,0.35535526275634766,72.54142857142858,89.1925,50.34,49.766000000000005,12,9
boltz1_sampling_only,in-training,7.16,200,1,32,1SEM,pair_023,scrambled,1SEM,0.31900784373283386,81.608125,91.33444444444444,69.10285714285715,64.345,9,7
boltz1_sampling_only,in-training,7.16,200,1,32,1ELW,pair_024,cognate,1ELW,0.9702897667884827,98.05222222222223,98.74368421052633,96.41,96.41,19,8
boltz1_sampling_only,in-training,7.16,200,1,32,1ELW,pair_028,scrambled,1ELW,0.6819935441017151,85.4355172413793,95.1047619047619,60.053749999999994,60.053749999999994,21,8
boltz1_sampling_only,in-training,7.16,200,1,32,1ELW,pair_029,scrambled,1ELW,0.8282371163368225,88.71827586206896,95.56904761904761,70.735,70.735,21,8
boltz1_sampling_only,in-training,7.16,200,1,32,2GBQ,pair_030,cognate,2GBQ,0.8237038850784302,83.40375,86.43,79.82727272727271,80.61999999999999,13,11
boltz1_sampling_only,in-training,7.16,200,1,32,2GBQ,pair_034,scrambled,2GBQ,0.6624493598937988,72.67222222222222,82.73176470588236,55.571000000000005,56.3325,17,10
boltz1_sampling_only,in-training,7.16,200,1,32,2GBQ,pair_035,scrambled,2GBQ,0.7294672131538391,79.95041666666667,84.15466666666667,72.94333333333333,72.43,15,9
boltz1_sampling_only,in-training,7.16,200,1,32,1D4T,pair_036,cognate,1D4T,0.7637118101119995,78.51228571428571,79.63076923076922,75.2811111111111,75.35363636363635,26,9
boltz1_sampling_only,in-training,7.16,200,1,32,1D4T,pair_040,scrambled,1D4T,0.3046753704547882,66.15277777777777,74.73519999999999,46.647272727272714,46.647272727272714,25,11
boltz1_sampling_only,in-training,7.16,200,1,32,1D4T,pair_041,scrambled,1D4T,0.2568216919898987,64.36823529411765,74.9175,39.050000000000004,38.326363636363645,24,10
boltz1_sampling_only,in-training,7.16,200,1,32,1TP5,pair_042,cognate,1TP5,0.9625616073608398,94.1717391304348,96.11882352941177,88.65500000000002,88.65500000000002,17,6
boltz1_sampling_only,in-training,7.16,200,1,32,1TP5,pair_046,scrambled,1TP5,0.8224115371704102,87.33785714285713,88.34500000000001,83.645,83.645,22,6
boltz1_sampling_only,in-training,7.16,200,1,32,1TP5,pair_047,scrambled,1TP5,0.40060704946517944,73.86571428571428,79.22363636363637,54.22,54.22,22,6
boltz1_sampling_only,in-training,7.16,200,1,32,2FNT,pair_048,cognate,2FNT,0.19215120375156403,71.08375000000001,85.07739130434781,35.32222222222222,34.838,23,9
boltz1_sampling_only,in-training,7.16,200,1,32,2FNT,pair_052,scrambled,2FNT,0.19286967813968658,66.50666666666666,80.9295652173913,33.334,33.334,23,10
boltz1_sampling_only,in-training,7.16,200,1,32,2FNT,pair_053,scrambled,2FNT,0.35028690099716187,72.12533333333333,83.72904761904763,45.04999999999999,44.626999999999995,21,9
boltz1_sampling_only,in-training,7.16,200,1,32,1NLO,pair_054,cognate,1NLO,0.20416218042373657,68.17045454545455,78.54923076923077,53.17888888888889,51.89181818181819,13,9
boltz1_sampling_only,in-training,7.16,200,1,32,1NLO,pair_058,scrambled,1NLO,0.20487523078918457,64.895,74.26,47.205555555555556,47.627272727272725,17,9
boltz1_sampling_only,in-training,7.16,200,1,32,1NLO,pair_059,scrambled,1NLO,0.13420544564723969,64.60578947368423,74.11083333333333,48.31142857142857,47.593636363636364,12,7
boltz1_sampling_only,in-training,7.16,200,1,32,1OAI,pair_060,cognate,1OAI,0.6762456893920898,91.66600000000001,96.02214285714285,81.50166666666667,77.29333333333334,14,6
boltz1_sampling_only,in-training,7.16,200,1,32,1OAI,pair_064,scrambled,1OAI,0.2671630084514618,76.16428571428571,89.56,42.675000000000004,41.47666666666667,15,6
boltz1_sampling_only,in-training,7.16,200,1,32,1OAI,pair_065,scrambled,1OAI,0.26618292927742004,75.59049999999999,89.615,42.86666666666667,42.68888888888889,14,6
boltz1_sampling_only,in-training,7.16,200,1,32,4LN2,pair_066,cognate,4LN2,0.14527881145477295,58.88458333333333,70.10733333333334,40.18,39.906363636363636,15,9
boltz1_sampling_only,in-training,7.16,200,1,32,4LN2,pair_070,scrambled,4LN2,0.18252693116664886,61.879999999999995,71.18818181818182,41.402,40.654545454545456,22,10
boltz1_sampling_only,in-training,7.16,200,1,32,4LN2,pair_071,scrambled,4LN2,0.1496540904045105,54.91791666666666,62.426,42.40444444444445,42.050909090909094,15,9
boltz1_sampling_only,in-training,7.16,200,1,32,9F6S,pair_072,cognate,9F6S,0.8370082974433899,83.97478260869563,89.55235294117647,68.17166666666667,68.17166666666667,17,6
boltz1_sampling_only,in-training,7.16,200,1,32,9F6S,pair_076,scrambled,9F6S,0.822571337223053,82.59833333333334,87.57055555555556,67.68166666666667,67.68166666666667,18,6
boltz1_sampling_only,in-training,7.16,200,1,32,9F6S,pair_077,scrambled,9F6S,0.7424054741859436,82.62545454545455,86.90117647058823,68.088,64.61833333333333,17,5
boltz1_sampling_only,in-training,7.16,200,1,32,8KDX,pair_078,cognate,8KDX,0.24093882739543915,59.284000000000006,66.079375,47.20333333333333,49.24733333333333,16,9
boltz1_sampling_only,in-training,7.16,200,1,32,8KDX,pair_082,scrambled,8KDX,0.15298621356487274,64.55892857142857,73.33999999999999,48.753,50.166666666666664,18,10
boltz1_sampling_only,in-training,7.16,200,1,32,8KDX,pair_083,scrambled,8KDX,0.18024376034736633,57.96727272727273,66.64250000000001,44.62076923076923,44.788,20,13
boltz1_sampling_only,in-training,7.16,200,1,32,6YOO,pair_084,cognate,6YOO,0.8803920149803162,88.576,96.30222222222223,76.98666666666666,76.98666666666666,18,12
boltz1_sampling_only,in-training,7.16,200,1,32,6YOO,pair_088,scrambled,6YOO,0.3982682526111603,77.73375,90.55799999999999,56.35999999999999,50.02333333333333,15,9
boltz1_sampling_only,in-training,7.16,200,1,32,6YOO,pair_089,scrambled,6YOO,0.21159110963344574,72.54290322580646,88.81952380952382,38.362,36.400000000000006,21,10
boltz1_sampling_only,in-training,7.16,200,1,32,3DS4,pair_090,cognate,3DS4,0.9432038068771362,94.57517241379311,94.744,94.2,92.22250000000001,20,9
boltz1_sampling_only,in-training,7.16,200,1,32,3DS4,pair_094,scrambled,3DS4,0.45438194274902344,71.60192307692309,80.44882352941174,54.89111111111111,58.785000000000004,17,9
boltz1_sampling_only,in-training,7.16,200,1,32,3DS4,pair_095,scrambled,3DS4,0.6582093238830566,75.08027777777778,84.97320000000002,52.596363636363634,53.245000000000005,25,11
boltz1_sampling_only,in-training,7.16,200,1,32,9GRF,pair_096,cognate,9GRF,0.2731197476387024,63.76518518518518,75.59222222222223,40.111111111111114,38.949,18,9
boltz1_sampling_only,in-training,7.16,200,1,32,9GRF,pair_100,scrambled,9GRF,0.25948843359947205,63.27176470588236,72.142,38.632222222222225,37.689,25,9
boltz1_sampling_only,in-training,7.16,200,1,32,9GRF,pair_101,scrambled,9GRF,0.3274003267288208,65.55882352941177,75.7275,41.154,41.154,24,10
boltz1_sampling_only,in-training,7.16,200,1,32,7S7J,pair_102,cognate,7S7J,0.8257076740264893,89.06617647058823,94.69526315789474,81.936,80.54347826086958,19,15
boltz1_sampling_only,in-training,7.16,200,1,32,7S7J,pair_106,scrambled,7S7J,0.8885771632194519,93.89222222222223,95.29363636363634,91.68999999999998,88.94043478260869,22,14
boltz1_sampling_only,in-training,7.16,200,1,32,7S7J,pair_107,scrambled,7S7J,0.5634484887123108,77.65333333333334,85.98884615384617,64.108125,66.56739130434782,26,16
boltz1_sampling_only,in-training,7.16,200,1,32,4Z8J,pair_108,cognate,4Z8J,0.9446989893913269,93.19519999999999,94.29235294117647,90.86375,90.86375,17,8
boltz1_sampling_only,in-training,7.16,200,1,32,4Z8J,pair_112,scrambled,4Z8J,0.22541528940200806,75.06571428571428,89.97933333333332,37.781666666666666,37.3875,15,6
boltz1_sampling_only,in-training,7.16,200,1,32,4Z8J,pair_113,scrambled,4Z8J,0.8589658141136169,78.48724137931035,78.29904761904763,78.98124999999999,78.98124999999999,21,8
boltz1_sampling_only,in-training,7.16,200,1,32,8HLO,pair_114,cognate,8HLO,0.8127129077911377,93.18636363636364,96.39857142857144,87.565,83.77923076923076,14,8
boltz1_sampling_only,in-training,7.16,200,1,32,8HLO,pair_118,scrambled,8HLO,0.6025509238243103,77.62793103448276,89.47588235294118,60.84333333333334,61.306153846153855,17,12
boltz1_sampling_only,in-training,7.16,200,1,32,8HLO,pair_119,scrambled,8HLO,0.5425450801849365,82.7429411764706,90.87454545454545,67.83500000000001,66.06076923076924,11,6
boltz1_sampling_only,in-training,7.16,200,1,32,7OKL,pair_120,cognate,7OKL,0.06828736513853073,75.24695652173912,93.20588235294117,24.363333333333333,24.363333333333333,17,6
boltz1_sampling_only,in-training,7.16,200,1,32,7OKL,pair_124,scrambled,7OKL,0.05718037486076355,74.2985,96.32428571428571,22.905,22.905,14,6
boltz1_sampling_only,in-training,7.16,200,1,32,7OKL,pair_125,scrambled,7OKL,0.14514097571372986,69.99857142857142,95.33555555555556,24.392000000000003,24.166666666666668,9,5
boltz1_sampling_only,in-training,7.16,200,1,32,4O36,pair_126,cognate,4O36,0.1587856560945511,45.046176470588236,44.64,45.89545454545454,49.55,23,11
boltz1_sampling_only,in-training,7.16,200,1,32,4O36,pair_130,scrambled,4O36,0.32014209032058716,42.02155555555556,42.937096774193556,39.99428571428571,40.022,31,14
boltz1_sampling_only,in-training,7.16,200,1,32,4O36,pair_131,scrambled,4O36,0.1567813903093338,46.72731707317073,48.957857142857144,41.92307692307692,41.977999999999994,28,13
boltz1_sampling_only,in-training,7.16,200,1,32,1YCR,pair_001,decoy,8KDX,0.19273778796195984,63.38854166666666,74.92882352941176,35.36214285714286,35.20666666666666,34,14
boltz1_sampling_only,in-training,7.16,200,1,32,1YCR,pair_002,decoy,6YOO,0.22761964797973633,64.05432432432434,73.94538461538461,40.67545454545455,40.943333333333335,26,11
boltz1_sampling_only,in-training,7.16,200,1,32,1YCR,pair_003,decoy,1BE9,0.2189280390739441,72.3395,84.48800000000001,35.894,35.894,15,5
boltz1_sampling_only,in-training,7.16,200,1,32,1CKA,pair_007,decoy,9F6S,0.181808203458786,77.16444444444443,93.625,44.24333333333333,44.24333333333333,12,6
boltz1_sampling_only,in-training,7.16,200,1,32,1CKA,pair_008,decoy,6YOO,0.06843379884958267,74.31826086956522,91.31142857142856,47.88444444444444,46.23000000000001,14,9
boltz1_sampling_only,in-training,7.16,200,1,32,1CKA,pair_009,decoy,4LN2,0.4006929397583008,73.96043478260869,87.31857142857143,53.18111111111111,52.49181818181819,14,9
boltz1_sampling_only,in-training,7.16,200,1,32,1BE9,pair_013,decoy,1SEM,0.17751890420913696,54.94903225806452,62.47380952380953,39.147000000000006,39.147000000000006,21,10
boltz1_sampling_only,in-training,7.16,200,1,32,1BE9,pair_014,decoy,1TP5,0.9435648918151855,91.34875000000001,92.94611111111111,86.55666666666667,86.55666666666667,18,6
boltz1_sampling_only,in-training,7.16,200,1,32,1BE9,pair_015,decoy,8HLO,0.13500677049160004,49.98741935483871,55.117142857142845,39.214999999999996,38.448461538461544,21,10
boltz1_sampling_only,in-training,7.16,200,1,32,1SEM,pair_019,decoy,1ELW,0.34126564860343933,71.59789473684211,89.46999999999998,47.02375000000001,47.02375000000001,11,8
boltz1_sampling_only,in-training,7.16,200,1,32,1SEM,pair_020,decoy,1OAI,0.20151107013225555,77.90181818181819,89.03666666666668,54.041428571428575,53.45444444444445,15,7
boltz1_sampling_only,in-training,7.16,200,1,32,1SEM,pair_021,decoy,4Z8J,0.09142129868268967,76.27761904761904,92.52428571428571,43.784285714285716,44.7825,14,7
boltz1_sampling_only,in-training,7.16,200,1,32,1ELW,pair_025,decoy,1CKA,0.31738582253456116,77.30060606060606,91.55041666666666,39.30111111111111,38.745000000000005,24,9
boltz1_sampling_only,in-training,7.16,200,1,32,1ELW,pair_026,decoy,7OKL,0.8874425292015076,87.35333333333334,95.51944444444445,62.855,62.855,18,6
boltz1_sampling_only,in-training,7.16,200,1,32,1ELW,pair_027,decoy,1NLO,0.34432458877563477,74.14156249999999,90.005,39.242,38.33090909090909,22,10
boltz1_sampling_only,in-training,7.16,200,1,32,2GBQ,pair_031,decoy,1TP5,0.48506999015808105,70.731875,84.67699999999999,47.48999999999999,47.48999999999999,10,6
boltz1_sampling_only,in-training,7.16,200,1,32,2GBQ,pair_032,decoy,8HLO,0.7143845558166504,81.03809523809525,87.02692307692307,71.30625,66.56153846153845,13,8
boltz1_sampling_only,in-training,7.16,200,1,32,2GBQ,pair_033,decoy,6YOO,0.15204276144504547,66.88166666666667,80.0957142857143,48.38199999999999,48.57083333333333,14,10
boltz1_sampling_only,in-training,7.16,200,1,32,1D4T,pair_037,decoy,1CKA,0.26234757900238037,59.52433333333334,69.53250000000001,39.507999999999996,39.507999999999996,20,10
boltz1_sampling_only,in-training,7.16,200,1,32,1D4T,pair_038,decoy,1SEM,0.32380789518356323,65.94392857142857,78.3488888888889,43.614999999999995,43.614999999999995,18,10
boltz1_sampling_only,in-training,7.16,200,1,32,1D4T,pair_039,decoy,1ELW,0.16034774482250214,62.51333333333332,73.87263157894736,35.535,35.535,19,8
boltz1_sampling_only,in-training,7.16,200,1,32,1TP5,pair_043,decoy,1YCR,0.42051613330841064,68.03377777777777,78.18806451612905,45.54928571428571,46.35066666666667,31,14
boltz1_sampling_only,in-training,7.16,200,1,32,1TP5,pair_044,decoy,4Z8J,0.35878539085388184,72.30000000000001,83.37434782608695,40.46125,40.46125,23,8
boltz1_sampling_only,in-training,7.16,200,1,32,1TP5,pair_045,decoy,6YOO,0.24544775485992432,71.02117647058824,84.14260869565219,43.585454545454546,43.41416666666667,23,11
boltz1_sampling_only,in-training,7.16,200,1,32,2FNT,pair_049,decoy,1CKA,0.2787446975708008,69.47709677419356,83.0604761904762,40.952000000000005,40.952000000000005,21,10
boltz1_sampling_only,in-training,7.16,200,1,32,2FNT,pair_050,decoy,7S7J,0.41855743527412415,73.78697674418603,81.8773076923077,61.413529411764706,63.62652173913043,26,17
boltz1_sampling_only,in-training,7.16,200,1,32,2FNT,pair_051,decoy,3DS4,0.626522421836853,79.70848484848486,85.24043478260869,66.985,66.16499999999999,23,10
boltz1_sampling_only,in-training,7.16,200,1,32,1NLO,pair_055,decoy,2GBQ,0.7167201638221741,78.7309090909091,82.23384615384614,73.6711111111111,75.00666666666666,13,9
boltz1_sampling_only,in-training,7.16,200,1,32,1NLO,pair_056,decoy,1YCR,0.13064806163311005,61.388400000000004,70.92999999999999,49.24454545454545,49.693333333333335,14,11
boltz1_sampling_only,in-training,7.16,200,1,32,1NLO,pair_057,decoy,9GRF,0.37740805745124817,72.8417391304348,81.65411764705884,47.873333333333335,47.714000000000006,17,6
boltz1_sampling_only,in-training,7.16,200,1,32,1OAI,pair_061,decoy,7OKL,0.4298423230648041,80.97357142857142,91.92,53.6075,51.298333333333325,10,4
boltz1_sampling_only,in-training,7.16,200,1,32,1OAI,pair_062,decoy,1NLO,0.26256313920021057,75.90499999999999,87.91294117647058,46.74285714285713,46.28454545454546,17,7
boltz1_sampling_only,in-training,7.16,200,1,32,1OAI,pair_063,decoy,9F6S,0.13054710626602173,77.94333333333333,92.73384615384614,39.488,38.77,13,5
boltz1_sampling_only,in-training,7.16,200,1,32,4LN2,pair_067,decoy,1CKA,0.6181411743164062,77.45849999999999,81.27357142857144,68.55666666666667,66.542,14,6
boltz1_sampling_only,in-training,7.16,200,1,32,4LN2,pair_068,decoy,8KDX,0.2520991265773773,60.928250000000006,70.18423076923077,43.738571428571426,43.053999999999995,26,14
boltz1_sampling_only,in-training,7.16,200,1,32,4LN2,pair_069,decoy,8HLO,0.3212225139141083,69.24545454545455,77.58357142857142,54.65375,53.31923076923077,14,8
boltz1_sampling_only,in-training,7.16,200,1,32,9F6S,pair_073,decoy,1D4T,0.18821197748184204,66.34843749999999,80.12727272727273,36.035000000000004,35.84090909090909,22,10
boltz1_sampling_only,in-training,7.16,200,1,32,9F6S,pair_074,decoy,4Z8J,0.8519913554191589,89.57608695652173,92.68705882352941,80.76166666666667,72.87625,17,6
boltz1_sampling_only,in-training,7.16,200,1,32,9F6S,pair_075,decoy,1BE9,0.9493229985237122,86.56818181818181,88.53058823529412,79.896,79.896,17,5
boltz1_sampling_only,in-training,7.16,200,1,32,8KDX,pair_079,decoy,7S7J,0.17545892298221588,64.88973684210528,69.39913043478262,57.97533333333333,60.306086956521746,23,15
boltz1_sampling_only,in-training,7.16,200,1,32,8KDX,pair_080,decoy,7OKL,0.1587216705083847,62.07052631578947,71.40307692307692,41.85,41.85,13,6
boltz1_sampling_only,in-training,7.16,200,1,32,8KDX,pair_081,decoy,1SEM,0.4358355700969696,68.3295652173913,71.55866666666667,62.275,60.964999999999996,15,8
boltz1_sampling_only,in-training,7.16,200,1,32,6YOO,pair_085,decoy,1D4T,0.2354804128408432,69.27652173913042,88.32857142857142,39.64,38.09454545454546,14,9
boltz1_sampling_only,in-training,7.16,200,1,32,6YOO,pair_086,decoy,2FNT,0.3190767467021942,72.32555555555555,90.40454545454546,43.91571428571428,43.86899999999999,11,7
boltz1_sampling_only,in-training,7.16,200,1,32,6YOO,pair_087,decoy,4Z8J,0.9476996660232544,94.063,96.57538461538462,89.39714285714285,87.1225,13,7
boltz1_sampling_only,in-training,7.16,200,1,32,3DS4,pair_091,decoy,1BE9,0.5010077953338623,75.88055555555555,85.35846153846154,51.238,51.238,13,5
boltz1_sampling_only,in-training,7.16,200,1,32,3DS4,pair_092,decoy,1OAI,0.28736963868141174,69.04380952380953,80.36571428571428,46.39999999999999,46.895555555555546,14,7
boltz1_sampling_only,in-training,7.16,200,1,32,3DS4,pair_093,decoy,1CKA,0.19671566784381866,67.58633333333333,81.21000000000001,40.339,40.339,20,10
boltz1_sampling_only,in-training,7.16,200,1,32,9GRF,pair_097,decoy,1NLO,0.1995682269334793,59.580000000000005,74.29384615384616,40.452000000000005,40.74909090909092,13,10
boltz1_sampling_only,in-training,7.16,200,1,32,9GRF,pair_098,decoy,8KDX,0.14405003190040588,60.61378378378379,73.27478260869566,39.81357142857143,39.852,23,14
boltz1_sampling_only,in-training,7.16,200,1,32,9GRF,pair_099,decoy,1SEM,0.0965084582567215,69.98444444444443,84.02666666666667,41.900000000000006,43.852000000000004,18,9
boltz1_sampling_only,in-training,7.16,200,1,32,7S7J,pair_103,decoy,4O36,0.8453284502029419,87.79846153846155,92.98176470588236,78.00777777777778,80.57600000000001,17,9
boltz1_sampling_only,in-training,7.16,200,1,32,7S7J,pair_104,decoy,1BE9,0.2175723910331726,76.229375,93.52272727272727,38.184000000000005,38.184000000000005,11,5
boltz1_sampling_only,in-training,7.16,200,1,32,7S7J,pair_105,decoy,7OKL,0.6265964508056641,82.95866666666667,93.531,61.814,62.03833333333333,10,5
boltz1_sampling_only,in-training,7.16,200,1,32,4Z8J,pair_109,decoy,6YOO,0.21755748987197876,71.01,85.97681818181819,38.083,38.30166666666667,22,10
boltz1_sampling_only,in-training,7.16,200,1,32,4Z8J,pair_110,decoy,9F6S,0.9636998176574707,95.07761904761904,96.41666666666667,91.73,91.73,15,6
boltz1_sampling_only,in-training,7.16,200,1,32,4Z8J,pair_111,decoy,4LN2,0.16624321043491364,61.89032258064517,73.94285714285715,36.58,35.75181818181819,21,10
boltz1_sampling_only,in-training,7.16,200,1,32,8HLO,pair_115,decoy,7S7J,0.19940420985221863,73.19407407407408,84.51785714285714,60.99923076923077,65.12826086956522,14,13
boltz1_sampling_only,in-training,7.16,200,1,32,8HLO,pair_116,decoy,7OKL,0.302366703748703,75.82000000000001,90.235,52.75600000000001,52.46000000000001,8,5
boltz1_sampling_only,in-training,7.16,200,1,32,8HLO,pair_117,decoy,1TP5,0.752335250377655,82.16157894736843,94.24923076923079,55.97166666666667,55.97166666666667,13,6
boltz1_sampling_only,in-training,7.16,200,1,32,7OKL,pair_121,decoy,6YOO,0.24987785518169403,71.20870967741936,90.7142105263158,40.325,40.325,19,12
boltz1_sampling_only,in-training,7.16,200,1,32,7OKL,pair_122,decoy,1OAI,0.09715205430984497,60.27578947368421,84.438,33.42888888888889,33.42888888888889,10,9
boltz1_sampling_only,in-training,7.16,200,1,32,7OKL,pair_123,decoy,2GBQ,0.07364675402641296,79.07142857142858,94.9416,39.396,39.83083333333334,25,10
boltz1_sampling_only,in-training,7.16,200,1,32,4O36,pair_127,decoy,9GRF,0.13936510682106018,37.06903225806451,37.02318181818182,37.18111111111111,37.019,22,9
boltz1_sampling_only,in-training,7.16,200,1,32,4O36,pair_128,decoy,8HLO,0.12049698829650879,42.23054054054054,43.8252,38.90833333333333,39.07461538461538,25,12
boltz1_sampling_only,in-training,7.16,200,1,32,4O36,pair_129,decoy,1BE9,0.2991436719894409,44.69190476190475,47.364999999999995,36.138,36.138,16,5
boltz1_alignment_only,in-training,7.16,10,1,,1YCR,pair_000,cognate,1YCR,0.19999083876609802,46.08742857142857,46.878,44.111000000000004,45.467999999999996,25,10
boltz1_alignment_only,in-training,7.16,10,1,,1YCR,pair_004,scrambled,1YCR,0.21064597368240356,45.451428571428586,48.84142857142857,42.06142857142857,46.05466666666668,7,7
boltz1_alignment_only,in-training,7.16,10,1,,1YCR,pair_005,scrambled,1YCR,0.18885934352874756,48.29217391304348,48.77076923076923,47.67,48.089999999999996,13,10
boltz1_alignment_only,in-training,7.16,10,1,,1CKA,pair_006,cognate,1CKA,0.17738324403762817,53.948,55.59,52.85333333333333,48.961,2,3
boltz1_alignment_only,in-training,7.16,10,1,,1CKA,pair_010,scrambled,1CKA,0.24264365434646606,58.1808,59.905882352941184,54.515,55.202999999999996,17,8
boltz1_alignment_only,in-training,7.16,10,1,,1CKA,pair_011,scrambled,1CKA,0.2685825228691101,61.2004,65.63941176470587,51.7675,51.46,17,8
boltz1_alignment_only,in-training,7.16,10,1,,1BE9,pair_012,cognate,1BE9,0.29519525170326233,48.035625,50.41818181818182,42.794000000000004,42.794000000000004,11,5
boltz1_alignment_only,in-training,7.16,10,1,,1BE9,pair_016,scrambled,1BE9,0.3429475426673889,48.745999999999995,50.085,43.39,41.784000000000006,16,4
boltz1_alignment_only,in-training,7.16,10,1,,1BE9,pair_017,scrambled,1BE9,0.22888290882110596,50.21268292682927,51.69805555555556,39.517999999999994,39.517999999999994,36,5
boltz1_alignment_only,in-training,7.16,10,1,,1SEM,pair_018,cognate,1SEM,0.1751948446035385,53.3725,53.67272727272727,52.712,50.031000000000006,11,5
boltz1_alignment_only,in-training,7.16,10,1,,1SEM,pair_022,scrambled,1SEM,0.3134857416152954,63.79272727272728,68.49866666666667,53.70857142857142,51.108999999999995,15,7
boltz1_alignment_only,in-training,7.16,10,1,,1SEM,pair_023,scrambled,1SEM,0.2633082866668701,57.0675,57.846000000000004,55.77,53.284000000000006,10,6
boltz1_alignment_only,in-training,7.16,10,1,,1ELW,pair_024,cognate,1ELW,0.2632671296596527,48.248400000000004,49.629444444444445,44.69714285714286,42.830000000000005,18,7
boltz1_alignment_only,in-training,7.16,10,1,,1ELW,pair_028,scrambled,1ELW,0.13961902260780334,46.42805555555556,47.89875,34.6625,31.57,32,4
boltz1_alignment_only,in-training,7.16,10,1,,1ELW,pair_029,scrambled,1ELW,0.21219180524349213,50.66088235294117,54.80888888888889,34.66142857142857,34.73625,27,7
boltz1_alignment_only,in-training,7.16,10,1,,2GBQ,pair_030,cognate,2GBQ,0.34774506092071533,57.5735,57.178999999999995,57.967999999999996,58.271666666666654,10,10
boltz1_alignment_only,in-training,7.16,10,1,,2GBQ,pair_034,scrambled,2GBQ,0.15119831264019012,50.29888888888889,56.082499999999996,45.672000000000004,43.98,4,5
boltz1_alignment_only,in-training,7.16,10,1,,2GBQ,pair_035,scrambled,2GBQ,0.25825896859169006,55.16382352941177,55.732916666666675,53.798,54.07583333333333,24,10
boltz1_alignment_only,in-training,7.16,10,1,,1D4T,pair_036,cognate,1D4T,0.2191067487001419,47.25749999999999,47.38961538461539,46.914,47.07818181818182,26,10
boltz1_alignment_only,in-training,7.16,10,1,,1D4T,pair_040,scrambled,1D4T,0.24824771285057068,45.89378378378378,47.75192307692308,41.50181818181818,41.50181818181818,26,11
boltz1_alignment_only,in-training,7.16,10,1,,1D4T,pair_041,scrambled,1D4T,0.16206203401088715,44.09523809523809,49.26428571428571,33.75714285714286,32.78545454545454,14,7
boltz1_alignment_only,in-training,7.16,10,1,,1TP5,pair_042,cognate,1TP5,0.23476958274841309,47.03857142857143,50.36000000000001,38.73500000000001,38.73500000000001,15,6
boltz1_alignment_only,in-training,7.16,10,1,,1TP5,pair_046,scrambled,1TP5,0.43978646397590637,52.7908,54.95315789473684,45.94333333333333,45.94333333333333,19,6
boltz1_alignment_only,in-training,7.16,10,1,,1TP5,pair_047,scrambled,1TP5,0.2264384627342224,42.65722222222223,44.97642857142858,34.54,33.26833333333334,14,4
boltz1_alignment_only,in-training,7.16,10,1,,2FNT,pair_048,cognate,2FNT,0.1464385688304901,44.87638888888889,47.595555555555556,36.71888888888889,36.207,27,9
boltz1_alignment_only,in-training,7.16,10,1,,2FNT,pair_052,scrambled,2FNT,0.2185163050889969,51.074444444444445,55.486111111111114,42.25111111111111,40.984,18,9
boltz1_alignment_only,in-training,7.16,10,1,,2FNT,pair_053,scrambled,2FNT,0.15666276216506958,45.57893617021276,47.905789473684216,35.75444444444444,35.153999999999996,38,9
boltz1_alignment_only,in-training,7.16,10,1,,1NLO,pair_054,cognate,1NLO,0.2324930876493454,60.65470588235295,62.77120000000001,54.775555555555556,54.22636363636364,25,9
boltz1_alignment_only,in-training,7.16,10,1,,1NLO,pair_058,scrambled,1NLO,0.16907541453838348,61.039729729729714,66.44148148148149,46.455,46.46818181818182,27,10
boltz1_alignment_only,in-training,7.16,10,1,,1NLO,pair_059,scrambled,1NLO,0.1600024551153183,54.1992,56.69,44.236,42.00909090909091,20,5
boltz1_alignment_only,in-training,7.16,10,1,,1OAI,pair_060,cognate,1OAI,0.12054353952407837,58.046666666666674,62.17111111111111,45.673333333333325,41.653333333333336,9,3
boltz1_alignment_only,in-training,7.16,10,1,,1OAI,pair_064,scrambled,1OAI,0.1377832293510437,53.04916666666667,55.852500000000006,47.4425,46.364444444444445,8,4
boltz1_alignment_only,in-training,7.16,10,1,,1OAI,pair_065,scrambled,1OAI,0.18519674241542816,57.610666666666674,64.29777777777778,47.580000000000005,44.69888888888889,9,6
boltz1_alignment_only,in-training,7.16,10,1,,4LN2,pair_066,cognate,4LN2,0.23892652988433838,51.46714285714285,53.19,48.021428571428565,48.40909090909091,14,7
boltz1_alignment_only,in-training,7.16,10,1,,4LN2,pair_070,scrambled,4LN2,0.1281258910894394,49.794375,52.7940909090909,43.19499999999999,42.85636363636363,22,10
boltz1_alignment_only,in-training,7.16,10,1,,4LN2,pair_071,scrambled,4LN2,0.16855590045452118,54.98181818181818,60.25833333333333,48.65,43.95,6,5
boltz1_alignment_only,in-training,7.16,10,1,,9F6S,pair_072,cognate,9F6S,0.4899519085884094,53.35884615384615,54.25749999999999,50.36333333333334,50.36333333333334,20,6
boltz1_alignment_only,in-training,7.16,10,1,,9F6S,pair_076,scrambled,9F6S,0.21632303297519684,52.32083333333335,54.196666666666665,46.69333333333333,41.62499999999999,9,3
boltz1_alignment_only,in-training,7.16,10,1,,9F6S,pair_077,scrambled,9F6S,0.32403087615966797,50.427499999999995,51.76,46.43,45.745,15,5
boltz1_alignment_only,in-training,7.16,10,1,,8KDX,pair_078,cognate,8KDX,0.10316985845565796,49.223333333333336,50.774,46.638888888888886,45.10266666666667,15,9
boltz1_alignment_only,in-training,7.16,10,1,,8KDX,pair_082,scrambled,8KDX,0.12672363221645355,50.917666666666655,54.42526315789473,44.8590909090909,43.85866666666666,19,11
boltz1_alignment_only,in-training,7.16,10,1,,8KDX,pair_083,scrambled,8KDX,0.1985398232936859,52.101111111111116,53.961999999999996,48.379333333333335,48.379333333333335,30,15
boltz1_alignment_only,in-training,7.16,10,1,,6YOO,pair_084,cognate,6YOO,0.2561410963535309,46.96771428571428,47.54925925925926,45.004999999999995,44.359166666666674,27,8
boltz1_alignment_only,in-training,7.16,10,1,,6YOO,pair_088,scrambled,6YOO,0.2504716217517853,46.58071428571428,48.13645161290322,42.196363636363635,41.669999999999995,31,11
boltz1_alignment_only,in-training,7.16,10,1,,6YOO,pair_089,scrambled,6YOO,0.20653975009918213,47.18117647058824,51.754782608695656,37.61818181818182,37.29833333333333,23,11
boltz1_alignment_only,in-training,7.16,10,1,,3DS4,pair_090,cognate,3DS4,0.22301501035690308,49.942068965517244,50.393,48.94,49.05833333333334,20,9
boltz1_alignment_only,in-training,7.16,10,1,,3DS4,pair_094,scrambled,3DS4,0.13989125192165375,41.93304347826087,46.19461538461538,36.393,35.544999999999995,13,10
boltz1_alignment_only,in-training,7.16,10,1,,3DS4,pair_095,scrambled,3DS4,0.1269855499267578,44.998571428571424,49.47263157894737,35.553333333333335,34.550000000000004,19,9
boltz1_alignment_only,in-training,7.16,10,1,,9GRF,pair_096,cognate,9GRF,0.09679234027862549,45.40809523809524,50.42642857142857,35.37142857142857,33.748,14,7
boltz1_alignment_only,in-training,7.16,10,1,,9GRF,pair_100,scrambled,9GRF,0.08712276071310043,46.525909090909096,51.73625,32.63166666666666,31.510999999999996,16,6
boltz1_alignment_only,in-training,7.16,10,1,,9GRF,pair_101,scrambled,9GRF,0.105616994202137,46.38409090909091,53.92142857142857,33.193749999999994,33.474000000000004,14,8
boltz1_alignment_only,in-training,7.16,10,1,,7S7J,pair_102,cognate,7S7J,0.3230433166027069,55.760681818181816,55.54384615384615,56.07388888888889,56.46478260869566,26,18
boltz1_alignment_only,in-training,7.16,10,1,,7S7J,pair_106,scrambled,7S7J,0.20053817331790924,54.49268292682926,53.97333333333333,55.22588235294118,56.39086956521739,24,17
boltz1_alignment_only,in-training,7.16,10,1,,7S7J,pair_107,scrambled,7S7J,0.2806483209133148,53.10442307692308,55.29838709677419,49.86571428571429,50.09173913043478,31,21
boltz1_alignment_only,in-training,7.16,10,1,,4Z8J,pair_108,cognate,4Z8J,0.3843469023704529,50.67518518518519,51.3285,48.808571428571426,47.823750000000004,20,7
boltz1_alignment_only,in-training,7.16,10,1,,4Z8J,pair_112,scrambled,4Z8J,0.3084549307823181,50.968,54.17888888888889,42.71142857142858,41.666250000000005,18,7
boltz1_alignment_only,in-training,7.16,10,1,,4Z8J,pair_113,scrambled,4Z8J,0.30004966259002686,50.10333333333334,52.53461538461538,41.07285714285714,40.587500000000006,26,7
boltz1_alignment_only,in-training,7.16,10,1,,8HLO,pair_114,cognate,8HLO,0.2647325098514557,52.78956521739132,55.13066666666666,48.4,49.24307692307692,15,8
boltz1_alignment_only,in-training,7.16,10,1,,8HLO,pair_118,scrambled,8HLO,0.15642158687114716,48.99793103448276,53.102777777777774,42.28090909090909,41.16,18,11
boltz1_alignment_only,in-training,7.16,10,1,,8HLO,pair_119,scrambled,8HLO,0.13877475261688232,48.28759999999999,50.38384615384616,46.01666666666667,45.403076923076924,13,12
boltz1_alignment_only,in-training,7.16,10,1,,7OKL,pair_120,cognate,7OKL,0.1278538554906845,43.39380952380952,47.379999999999995,30.637999999999998,31.10166666666667,16,5
boltz1_alignment_only,in-training,7.16,10,1,,7OKL,pair_124,scrambled,7OKL,0.06934186816215515,43.942857142857136,55.552499999999995,28.463333333333328,28.463333333333328,8,6
boltz1_alignment_only,in-training,7.16,10,1,,7OKL,pair_125,scrambled,7OKL,0.06575202196836472,28.49333333333334,44.275000000000006,20.6025,20.486666666666668,2,4
boltz1_alignment_only,in-training,7.16,10,1,,4O36,pair_126,cognate,4O36,0.31994250416755676,57.3256,58.624375,55.01666666666667,53.656666666666666,16,9
boltz1_alignment_only,in-training,7.16,10,1,,4O36,pair_130,scrambled,4O36,0.22861908376216888,47.32416666666666,50.31608695652174,42.03076923076923,41.403999999999996,23,13
boltz1_alignment_only,in-training,7.16,10,1,,4O36,pair_131,scrambled,4O36,0.279554545879364,53.202926829268286,55.659000000000006,46.50454545454545,45.71199999999999,30,11
boltz1_alignment_only,in-training,7.16,10,1,,1YCR,pair_001,decoy,8KDX,0.14494946599006653,43.47468085106383,44.8225,40.59933333333334,40.59933333333334,32,15
boltz1_alignment_only,in-training,7.16,10,1,,1YCR,pair_002,decoy,6YOO,0.11151758581399918,45.61571428571428,48.329047619047614,37.47571428571428,35.2575,21,7
boltz1_alignment_only,in-training,7.16,10,1,,1YCR,pair_003,decoy,1BE9,0.1870090365409851,51.926896551724134,54.998333333333335,37.184000000000005,37.184000000000005,24,5
boltz1_alignment_only,in-training,7.16,10,1,,1CKA,pair_007,decoy,9F6S,0.12751196324825287,54.364999999999995,62.663333333333334,41.9175,40.17166666666666,6,4
boltz1_alignment_only,in-training,7.16,10,1,,1CKA,pair_008,decoy,6YOO,0.06472570449113846,44.06444444444444,48.906,38.012499999999996,37.36666666666667,10,8
boltz1_alignment_only,in-training,7.16,10,1,,1CKA,pair_009,decoy,4LN2,0.10052946209907532,47.25454545454546,49.30285714285715,43.67,44.24727272727272,14,8
boltz1_alignment_only,in-training,7.16,10,1,,1BE9,pair_013,decoy,1SEM,0.10543052852153778,44.785000000000004,47.20619047619048,37.521428571428565,37.91799999999999,21,7
boltz1_alignment_only,in-training,7.16,10,1,,1BE9,pair_014,decoy,1TP5,0.5133091807365417,52.18193548387097,52.303461538461534,51.55,52.258333333333326,26,5
boltz1_alignment_only,in-training,7.16,10,1,,1BE9,pair_015,decoy,8HLO,0.08188298344612122,46.86392857142857,50.63904761904761,35.53857142857144,34.860769230769236,21,7
boltz1_alignment_only,in-training,7.16,10,1,,1SEM,pair_019,decoy,1ELW,0.06954828649759293,50.231052631578955,58.10461538461539,33.17166666666667,32.55,13,6
boltz1_alignment_only,in-training,7.16,10,1,,1SEM,pair_020,decoy,1OAI,0.147185280919075,53.45,59.71923076923076,43.2625,42.9,13,8
boltz1_alignment_only,in-training,7.16,10,1,,1SEM,pair_021,decoy,4Z8J,0.08661025762557983,50.648888888888884,58.84,37.77714285714286,38.08625000000001,11,7
boltz1_alignment_only,in-training,7.16,10,1,,1ELW,pair_025,decoy,1CKA,0.12071564793586731,44.15000000000001,48.434705882352944,36.056666666666665,35.731,17,9
boltz1_alignment_only,in-training,7.16,10,1,,1ELW,pair_026,decoy,7OKL,0.24111023545265198,51.555666666666674,55.214400000000005,33.262,33.345,25,5
boltz1_alignment_only,in-training,7.16,10,1,,1ELW,pair_027,decoy,1NLO,0.15784311294555664,46.396,49.724230769230765,36.78111111111111,36.17545454545455,26,9
boltz1_alignment_only,in-training,7.16,10,1,,2GBQ,pair_031,decoy,1TP5,0.10908551514148712,48.21,50.63833333333333,43.35333333333333,43.675000000000004,6,3
boltz1_alignment_only,in-training,7.16,10,1,,2GBQ,pair_032,decoy,8HLO,0.3147885501384735,56.38941176470588,60.823333333333345,51.401250000000005,50.7676923076923,9,8
boltz1_alignment_only,in-training,7.16,10,1,,2GBQ,pair_033,decoy,6YOO,0.0930606946349144,50.208125,54.45777777777778,44.744285714285716,44.63666666666668,9,7
boltz1_alignment_only,in-training,7.16,10,1,,1D4T,pair_037,decoy,1CKA,0.21801835298538208,46.23233333333334,49.477,39.743,39.743,20,10
boltz1_alignment_only,in-training,7.16,10,1,,1D4T,pair_038,decoy,1SEM,0.24411320686340332,52.91568181818182,55.065714285714286,44.55444444444444,42.984,35,9
boltz1_alignment_only,in-training,7.16,10,1,,1D4T,pair_039,decoy,1ELW,0.14531581103801727,50.580937500000005,54.71269230769231,32.67666666666667,31.384999999999998,26,6
boltz1_alignment_only,in-training,7.16,10,1,,1TP5,pair_043,decoy,1YCR,0.19711410999298096,45.77542857142857,50.31076923076924,32.67333333333334,31.40333333333334,26,9
boltz1_alignment_only,in-training,7.16,10,1,,1TP5,pair_044,decoy,4Z8J,0.2223881483078003,46.62559999999999,50.12,39.2,39.2,17,8
boltz1_alignment_only,in-training,7.16,10,1,,1TP5,pair_045,decoy,6YOO,0.14130181074142456,46.7260606060606,48.906666666666666,40.91111111111112,39.34583333333334,24,9
boltz1_alignment_only,in-training,7.16,10,1,,2FNT,pair_049,decoy,1CKA,0.15518289804458618,46.184062499999996,49.002272727272725,39.984,39.984,22,10
boltz1_alignment_only,in-training,7.16,10,1,,2FNT,pair_050,decoy,7S7J,0.0984477624297142,46.79359375,48.753409090909095,42.482,42.77434782608696,44,20
boltz1_alignment_only,in-training,7.16,10,1,,2FNT,pair_051,decoy,3DS4,0.08347951620817184,45.78916666666667,47.57357142857143,39.543749999999996,38.685833333333335,28,8
boltz1_alignment_only,in-training,7.16,10,1,,1NLO,pair_055,decoy,2GBQ,0.314018189907074,57.58761904761906,58.79750000000001,55.97444444444445,53.407500000000006,12,9
boltz1_alignment_only,in-training,7.16,10,1,,1NLO,pair_056,decoy,1YCR,0.09501026570796967,50.95166666666666,54.10714285714285,46.534,46.60933333333333,14,10
boltz1_alignment_only,in-training,7.16,10,1,,1NLO,pair_057,decoy,9GRF,0.26792624592781067,60.700476190476195,68.28230769230768,48.38,48.38999999999999,13,8
boltz1_alignment_only,in-training,7.16,10,1,,1OAI,pair_061,decoy,7OKL,0.1543971300125122,58.990952380952386,62.61470588235294,43.59,39.01666666666667,17,4
boltz1_alignment_only,in-training,7.16,10,1,,1OAI,pair_062,decoy,1NLO,0.11969513446092606,50.43076923076922,52.52894736842106,44.73571428571429,43.66454545454546,19,7
boltz1_alignment_only,in-training,7.16,10,1,,1OAI,pair_063,decoy,9F6S,0.08271568268537521,47.678888888888885,51.281666666666666,40.47333333333333,39.13166666666666,6,3
boltz1_alignment_only,in-training,7.16,10,1,,4LN2,pair_067,decoy,1CKA,0.20818017423152924,50.416153846153854,48.234117647058824,54.53777777777778,55.147000000000006,17,9
boltz1_alignment_only,in-training,7.16,10,1,,4LN2,pair_068,decoy,8KDX,0.1196640282869339,47.28699999999999,50.41700000000001,44.157,43.684666666666665,10,10
boltz1_alignment_only,in-training,7.16,10,1,,4LN2,pair_069,decoy,8HLO,0.25860342383384705,57.46903225806452,58.77954545454545,54.26555555555556,51.401538461538465,22,9
boltz1_alignment_only,in-training,7.16,10,1,,9F6S,pair_073,decoy,1D4T,0.13596390187740326,42.586800000000004,46.40800000000001,36.855,36.67454545454545,15,10
boltz1_alignment_only,in-training,7.16,10,1,,9F6S,pair_074,decoy,4Z8J,0.2634182572364807,47.811764705882354,49.600000000000016,42.0,37.615,13,4
boltz1_alignment_only,in-training,7.16,10,1,,9F6S,pair_075,decoy,1BE9,0.363112211227417,50.522,51.48199999999999,48.602,48.602,10,5
boltz1_alignment_only,in-training,7.16,10,1,,8KDX,pair_079,decoy,7S7J,0.08141069859266281,47.07142857142856,47.68,46.26,45.20608695652174,16,12
boltz1_alignment_only,in-training,7.16,10,1,,8KDX,pair_080,decoy,7OKL,0.19793516397476196,59.21136363636363,64.62176470588236,40.816,40.60666666666667,17,5
boltz1_alignment_only,in-training,7.16,10,1,,8KDX,pair_081,decoy,1SEM,0.18353885412216187,47.406,49.76166666666666,43.8725,44.49,6,4
boltz1_alignment_only,in-training,7.16,10,1,,6YOO,pair_085,decoy,1D4T,0.136750727891922,41.96545454545455,48.052307692307686,33.17333333333333,32.39181818181818,13,9
boltz1_alignment_only,in-training,7.16,10,1,,6YOO,pair_086,decoy,2FNT,0.18213245272636414,42.82793103448276,44.9385,38.13777777777778,37.315999999999995,20,9
boltz1_alignment_only,in-training,7.16,10,1,,6YOO,pair_087,decoy,4Z8J,0.20845326781272888,44.858823529411765,44.596363636363634,45.339999999999996,44.715,11,6
boltz1_alignment_only,in-training,7.16,10,1,,3DS4,pair_091,decoy,1BE9,0.15081480145454407,48.09066666666668,50.685833333333335,37.71,36.519999999999996,12,3
boltz1_alignment_only,in-training,7.16,10,1,,3DS4,pair_092,decoy,1OAI,0.10475677251815796,47.27789473684211,49.962857142857146,39.760000000000005,38.20333333333333,14,5
boltz1_alignment_only,in-training,7.16,10,1,,3DS4,pair_093,decoy,1CKA,0.11799371987581253,41.61714285714286,45.91833333333333,35.882222222222225,35.903999999999996,12,9
boltz1_alignment_only,in-training,7.16,10,1,,9GRF,pair_097,decoy,1NLO,0.1004825308918953,42.07631578947368,44.51833333333334,37.89,36.942727272727275,12,7
boltz1_alignment_only,in-training,7.16,10,1,,9GRF,pair_098,decoy,8KDX,0.10028164833784103,39.41214285714286,40.93333333333334,36.674,33.99733333333334,9,5
boltz1_alignment_only,in-training,7.16,10,1,,9GRF,pair_099,decoy,1SEM,0.1091785579919815,44.32333333333333,46.571851851851854,37.57777777777778,37.236000000000004,27,9
boltz1_alignment_only,in-training,7.16,10,1,,7S7J,pair_103,decoy,4O36,0.21856452524662018,54.190384615384616,56.80875,50.001,47.94666666666667,16,10
boltz1_alignment_only,in-training,7.16,10,1,,7S7J,pair_104,decoy,1BE9,0.17842254042625427,56.102,59.95416666666666,40.693333333333335,38.535999999999994,12,3
boltz1_alignment_only,in-training,7.16,10,1,,7S7J,pair_105,decoy,7OKL,0.22276002168655396,50.723749999999995,56.632727272727266,37.724000000000004,38.98,11,5
boltz1_alignment_only,in-training,7.16,10,1,,4Z8J,pair_109,decoy,6YOO,0.22042503952980042,47.802258064516124,52.2275,39.75636363636364,39.255833333333335,20,11
boltz1_alignment_only,in-training,7.16,10,1,,4Z8J,pair_110,decoy,9F6S,0.2833709418773651,51.46866666666667,54.1392,38.11600000000001,37.60833333333334,25,5
boltz1_alignment_only,in-training,7.16,10,1,,4Z8J,pair_111,decoy,4LN2,0.091361403465271,44.62074074074073,48.5847619047619,30.746666666666666,29.824545454545454,21,6
boltz1_alignment_only,in-training,7.16,10,1,,8HLO,pair_115,decoy,7S7J,0.0800023078918457,46.657916666666665,46.97333333333334,46.132222222222225,45.05391304347826,15,9
boltz1_alignment_only,in-training,7.16,10,1,,8HLO,pair_116,decoy,7OKL,0.19315528869628906,53.02,55.54571428571428,44.18,43.00666666666666,14,4
boltz1_alignment_only,in-training,7.16,10,1,,8HLO,pair_117,decoy,1TP5,0.12541286647319794,44.188235294117646,47.7109090909091,37.73,37.73,11,6
boltz1_alignment_only,in-training,7.16,10,1,,7OKL,pair_121,decoy,6YOO,0.06521838158369064,40.93433333333334,44.3625,34.077999999999996,34.01499999999999,20,10
boltz1_alignment_only,in-training,7.16,10,1,,7OKL,pair_122,decoy,1OAI,0.08864451199769974,39.45857142857143,43.673684210526325,30.560000000000002,30.560000000000002,19,9
boltz1_alignment_only,in-training,7.16,10,1,,7OKL,pair_123,decoy,2GBQ,0.06143555790185928,40.64285714285715,43.641111111111115,35.245999999999995,34.675,18,10
boltz1_alignment_only,in-training,7.16,10,1,,4O36,pair_127,decoy,9GRF,0.22505059838294983,53.679677419354846,58.13521739130435,40.87,39.086999999999996,23,8
boltz1_alignment_only,in-training,7.16,10,1,,4O36,pair_128,decoy,8HLO,0.14118589460849762,49.82702702702703,52.935925925925915,41.433,40.99076923076923,27,10
boltz1_alignment_only,in-training,7.16,10,1,,4O36,pair_129,decoy,1BE9,0.20534004271030426,48.43882352941176,52.69916666666666,38.214,38.214,12,5
boltz1_recycling_only,in-training,7.16,10,3,32,1YCR,pair_000,cognate,1YCR,0.19094999134540558,45.192400000000006,45.78125,44.145555555555546,43.54333333333333,16,9
boltz1_recycling_only,in-training,7.16,10,3,32,1YCR,pair_004,scrambled,1YCR,0.13196030259132385,45.1062962962963,46.98684210526315,40.64,41.60266666666666,19,8
boltz1_recycling_only,in-training,7.16,10,3,32,1YCR,pair_005,scrambled,1YCR,0.17380490899085999,44.7147619047619,42.249,46.95636363636363,48.198,10,11
boltz1_recycling_only,in-training,7.16,10,3,32,1CKA,pair_006,cognate,1CKA,0.26882508397102356,55.93894736842105,55.656000000000006,56.25333333333333,55.92099999999999,10,9
boltz1_recycling_only,in-training,7.16,10,3,32,1CKA,pair_010,scrambled,1CKA,0.1827283352613449,53.18363636363636,52.92,53.644999999999996,48.591,7,4
boltz1_recycling_only,in-training,7.16,10,3,32,1CKA,pair_011,scrambled,1CKA,0.14432750642299652,49.569375,51.78125,47.3575,46.64,8,8
boltz1_recycling_only,in-training,7.16,10,3,32,1BE9,pair_012,cognate,1BE9,0.5669817328453064,61.67821428571428,63.007826086956534,55.562,55.562,23,5
boltz1_recycling_only,in-training,7.16,10,3,32,1BE9,pair_016,scrambled,1BE9,0.11417851597070694,37.0075,39.75583333333333,28.7625,28.294,12,4
boltz1_recycling_only,in-training,7.16,10,3,32,1BE9,pair_017,scrambled,1BE9,0.1812661588191986,41.839444444444446,42.02857142857143,41.1775,41.106,14,4
boltz1_recycling_only,in-training,7.16,10,3,32,1SEM,pair_018,cognate,1SEM,0.33114421367645264,59.01695652173913,60.27875,56.13285714285714,56.470000000000006,16,7
boltz1_recycling_only,in-training,7.16,10,3,32,1SEM,pair_022,scrambled,1SEM,0.1458512395620346,46.28947368421053,47.035999999999994,45.46,45.074,10,9
boltz1_recycling_only,in-training,7.16,10,3,32,1SEM,pair_023,scrambled,1SEM,0.1918358951807022,53.2575,56.075,50.44,51.309000000000005,4,4
boltz1_recycling_only,in-training,7.16,10,3,32,1ELW,pair_024,cognate,1ELW,0.16183871030807495,45.68153846153847,47.210625,38.69142857142857,38.14125,32,7
boltz1_recycling_only,in-training,7.16,10,3,32,1ELW,pair_028,scrambled,1ELW,0.19181810319423676,43.975833333333334,45.40588235294118,40.50285714285714,39.13875,17,7
boltz1_recycling_only,in-training,7.16,10,3,32,1ELW,pair_029,scrambled,1ELW,0.125606507062912,41.0248,43.362631578947365,33.62166666666667,32.725,19,6
boltz1_recycling_only,in-training,7.16,10,3,32,2GBQ,pair_030,cognate,2GBQ,0.16885440051555634,48.79611111111111,48.05636363636363,49.95857142857143,49.33083333333334,11,7
boltz1_recycling_only,in-training,7.16,10,3,32,2GBQ,pair_034,scrambled,2GBQ,0.15632671117782593,47.94294117647059,49.583,45.60000000000001,44.78583333333333,10,7
boltz1_recycling_only,in-training,7.16,10,3,32,2GBQ,pair_035,scrambled,2GBQ,0.17206205427646637,49.458124999999995,47.51444444444444,51.95714285714286,49.59916666666666,9,7
boltz1_recycling_only,in-training,7.16,10,3,32,1D4T,pair_036,cognate,1D4T,0.1483992636203766,41.97708333333333,42.846875,40.2375,39.091818181818184,16,8
boltz1_recycling_only,in-training,7.16,10,3,32,1D4T,pair_040,scrambled,1D4T,0.19495756924152374,47.2595652173913,50.57885714285714,36.698181818181816,36.698181818181816,35,11
boltz1_recycling_only,in-training,7.16,10,3,32,1D4T,pair_041,scrambled,1D4T,0.1642969399690628,43.52,47.62428571428571,36.337500000000006,35.14090909090909,14,8
boltz1_recycling_only,in-training,7.16,10,3,32,1TP5,pair_042,cognate,1TP5,0.38262924551963806,51.29549999999999,52.410857142857154,43.488,41.848333333333336,35,5
boltz1_recycling_only,in-training,7.16,10,3,32,1TP5,pair_046,scrambled,1TP5,0.22834289073944092,44.77076923076923,46.441500000000005,39.20166666666667,39.20166666666667,20,6
boltz1_recycling_only,in-training,7.16,10,3,32,1TP5,pair_047,scrambled,1TP5,0.175747811794281,43.43590909090909,47.474375,32.666666666666664,32.666666666666664,16,6
boltz1_recycling_only,in-training,7.16,10,3,32,2FNT,pair_048,cognate,2FNT,0.10490012913942337,40.13086956521739,41.262941176470584,36.92333333333334,34.869,17,6
boltz1_recycling_only,in-training,7.16,10,3,32,2FNT,pair_052,scrambled,2FNT,0.16494713723659515,47.75939393939394,50.030000000000015,37.541666666666664,32.799,27,6
boltz1_recycling_only,in-training,7.16,10,3,32,2FNT,pair_053,scrambled,2FNT,0.1624453365802765,43.22846153846153,44.71578947368421,39.19142857142857,37.174,19,7
boltz1_recycling_only,in-training,7.16,10,3,32,1NLO,pair_054,cognate,1NLO,0.12758024036884308,56.073000000000015,58.16733333333334,49.790000000000006,47.842727272727274,15,5
boltz1_recycling_only,in-training,7.16,10,3,32,1NLO,pair_058,scrambled,1NLO,0.09408415853977203,52.28999999999999,59.54714285714285,41.00111111111111,40.13181818181818,14,9
boltz1_recycling_only,in-training,7.16,10,3,32,1NLO,pair_059,scrambled,1NLO,0.20530664920806885,57.89258064516129,60.4248,47.34166666666667,44.38636363636363,25,6
boltz1_recycling_only,in-training,7.16,10,3,32,1OAI,pair_060,cognate,1OAI,0.1453765332698822,49.199374999999996,52.13777777777778,45.42142857142858,44.941111111111105,9,7
boltz1_recycling_only,in-training,7.16,10,3,32,1OAI,pair_064,scrambled,1OAI,0.12126700580120087,50.77611111111111,57.54818181818182,40.13428571428572,40.596666666666664,11,7
boltz1_recycling_only,in-training,7.16,10,3,32,1OAI,pair_065,scrambled,1OAI,0.10657340288162231,51.20260869565218,53.45444444444444,43.096000000000004,39.95555555555555,18,5
boltz1_recycling_only,in-training,7.16,10,3,32,4LN2,pair_066,cognate,4LN2,0.14535589516162872,45.404999999999994,46.390625,42.77666666666667,44.26909090909091,16,6
boltz1_recycling_only,in-training,7.16,10,3,32,4LN2,pair_070,scrambled,4LN2,0.11693373322486877,44.705,47.55636363636363,41.22,40.79363636363637,11,9
boltz1_recycling_only,in-training,7.16,10,3,32,4LN2,pair_071,scrambled,4LN2,0.14566658437252045,50.54045454545455,57.029999999999994,39.18375,38.68454545454545,14,8
boltz1_recycling_only,in-training,7.16,10,3,32,9F6S,pair_072,cognate,9F6S,0.19469130039215088,49.902187500000004,52.275925925925925,37.084,35.065000000000005,27,5
boltz1_recycling_only,in-training,7.16,10,3,32,9F6S,pair_076,scrambled,9F6S,0.23187993466854095,48.612222222222215,49.32285714285715,46.125,44.528333333333336,14,4
boltz1_recycling_only,in-training,7.16,10,3,32,9F6S,pair_077,scrambled,9F6S,0.18447956442832947,48.91571428571429,50.74217391304349,40.513999999999996,39.22333333333333,23,5
boltz1_recycling_only,in-training,7.16,10,3,32,8KDX,pair_078,cognate,8KDX,0.11944866180419922,43.408,42.78153846153846,44.086666666666666,45.684,13,12
boltz1_recycling_only,in-training,7.16,10,3,32,8KDX,pair_082,scrambled,8KDX,0.08234825730323792,44.68677419354838,44.76736842105264,44.55916666666666,44.650000000000006,19,12
boltz1_recycling_only,in-training,7.16,10,3,32,8KDX,pair_083,scrambled,8KDX,0.08648835122585297,44.97153846153846,45.571999999999996,44.152727272727276,43.024,15,11
boltz1_recycling_only,in-training,7.16,10,3,32,6YOO,pair_084,cognate,6YOO,0.18703772127628326,43.504210526315795,42.895833333333336,44.547142857142866,42.54083333333333,12,7
boltz1_recycling_only,in-training,7.16,10,3,32,6YOO,pair_088,scrambled,6YOO,0.288882851600647,49.21551724137931,54.074,38.41888888888889,36.13666666666666,20,9
boltz1_recycling_only,in-training,7.16,10,3,32,6YOO,pair_089,scrambled,6YOO,0.22344434261322021,47.99521739130435,51.91133333333334,40.6525,38.53333333333333,15,8
boltz1_recycling_only,in-training,7.16,10,3,32,3DS4,pair_090,cognate,3DS4,0.2203180491924286,46.46173913043478,46.20166666666666,46.74545454545454,46.36833333333333,12,11
boltz1_recycling_only,in-training,7.16,10,3,32,3DS4,pair_094,scrambled,3DS4,0.10819976776838303,41.8365,44.64066666666667,33.424,32.17250000000001,30,10
boltz1_recycling_only,in-training,7.16,10,3,32,3DS4,pair_095,scrambled,3DS4,0.13035784661769867,39.86322580645161,43.144285714285715,32.973,32.08416666666667,21,10
boltz1_recycling_only,in-training,7.16,10,3,32,9GRF,pair_096,cognate,9GRF,0.12097776681184769,42.12244444444445,43.40714285714286,37.626000000000005,37.626000000000005,35,10
boltz1_recycling_only,in-training,7.16,10,3,32,9GRF,pair_100,scrambled,9GRF,0.1481029987335205,46.75200000000001,49.898250000000004,34.166999999999994,34.166999999999994,40,10
boltz1_recycling_only,in-training,7.16,10,3,32,9GRF,pair_101,scrambled,9GRF,0.1436617374420166,43.07681818181818,45.432352941176475,35.068,34.394,17,5
boltz1_recycling_only,in-training,7.16,10,3,32,7S7J,pair_102,cognate,7S7J,0.1526668667793274,45.72392857142858,44.227333333333334,47.45076923076924,46.90304347826087,15,13
boltz1_recycling_only,in-training,7.16,10,3,32,7S7J,pair_106,scrambled,7S7J,0.17948682606220245,48.67085714285715,44.864444444444445,52.70117647058824,52.594782608695645,18,17
boltz1_recycling_only,in-training,7.16,10,3,32,7S7J,pair_107,scrambled,7S7J,0.26373186707496643,49.33117647058823,52.2378947368421,45.64933333333333,44.5791304347826,19,15
boltz1_recycling_only,in-training,7.16,10,3,32,4Z8J,pair_108,cognate,4Z8J,0.4662138521671295,53.54125,51.94333333333333,58.335,54.213750000000005,18,6
boltz1_recycling_only,in-training,7.16,10,3,32,4Z8J,pair_112,scrambled,4Z8J,0.17087429761886597,52.88633333333334,56.814400000000006,33.246,31.770000000000003,25,5
boltz1_recycling_only,in-training,7.16,10,3,32,4Z8J,pair_113,scrambled,4Z8J,0.22870779037475586,41.646666666666675,42.40857142857143,38.98,36.1575,14,4
boltz1_recycling_only,in-training,7.16,10,3,32,8HLO,pair_114,cognate,8HLO,0.19127754867076874,47.73846153846153,47.862857142857145,47.59333333333333,46.11923076923077,7,6
boltz1_recycling_only,in-training,7.16,10,3,32,8HLO,pair_118,scrambled,8HLO,0.16815254092216492,50.26323529411765,54.497083333333336,40.10199999999999,39.59615384615384,24,10
boltz1_recycling_only,in-training,7.16,10,3,32,8HLO,pair_119,scrambled,8HLO,0.0911872610449791,47.88142857142857,47.904,47.8609090909091,47.55692307692308,10,11
boltz1_recycling_only,in-training,7.16,10,3,32,7OKL,pair_120,cognate,7OKL,0.15866675972938538,39.91111111111111,44.973333333333336,29.78666666666666,29.78666666666666,12,6
boltz1_recycling_only,in-training,7.16,10,3,32,7OKL,pair_124,scrambled,7OKL,0.17896904051303864,45.67363636363636,47.785555555555554,36.17,31.565,9,2
boltz1_recycling_only,in-training,7.16,10,3,32,7OKL,pair_125,scrambled,7OKL,0.1460394263267517,42.35739130434783,47.455882352941174,27.911666666666665,27.911666666666665,17,6
boltz1_recycling_only,in-training,7.16,10,3,32,4O36,pair_126,cognate,4O36,0.08402920514345169,36.82408163265306,36.21157894736842,38.93999999999999,39.248666666666665,38,11
boltz1_recycling_only,in-training,7.16,10,3,32,4O36,pair_130,scrambled,4O36,0.10476865619421005,36.34782608695652,35.85124999999999,37.48285714285714,37.23133333333333,32,14
boltz1_recycling_only,in-training,7.16,10,3,32,4O36,pair_131,scrambled,4O36,0.07540261000394821,35.53294117647059,36.21512820512821,33.31583333333334,32.40733333333333,39,12
boltz1_recycling_only,in-training,7.16,10,3,32,1YCR,pair_001,decoy,8KDX,0.10091031342744827,41.121,44.34058823529411,36.910769230769226,36.952,17,13
boltz1_recycling_only,in-training,7.16,10,3,32,1YCR,pair_002,decoy,6YOO,0.17520953714847565,44.487037037037034,47.97588235294118,38.556,38.127500000000005,17,10
boltz1_recycling_only,in-training,7.16,10,3,32,1YCR,pair_003,decoy,1BE9,0.1306195855140686,44.05875,48.45083333333333,30.8825,29.206,12,4
boltz1_recycling_only,in-training,7.16,10,3,32,1CKA,pair_007,decoy,9F6S,0.11922667175531387,52.526875000000004,58.63100000000001,42.35333333333333,42.35333333333333,10,6
boltz1_recycling_only,in-training,7.16,10,3,32,1CKA,pair_008,decoy,6YOO,0.053106360137462616,49.35652173913043,51.88722222222222,40.246,39.390833333333326,18,5
boltz1_recycling_only,in-training,7.16,10,3,32,1CKA,pair_009,decoy,4LN2,0.12096869200468063,51.37083333333334,54.61,44.8925,43.81272727272728,16,8
boltz1_recycling_only,in-training,7.16,10,3,32,1BE9,pair_013,decoy,1SEM,0.09257075935602188,38.577631578947354,39.62,35.21888888888889,34.69199999999999,29,9
boltz1_recycling_only,in-training,7.16,10,3,32,1BE9,pair_014,decoy,1TP5,0.24889548122882843,44.75863636363636,46.43058823529412,39.074,38.55166666666667,17,5
boltz1_recycling_only,in-training,7.16,10,3,32,1BE9,pair_015,decoy,8HLO,0.09367380291223526,40.65323529411765,41.93173913043478,37.980000000000004,36.56923076923077,23,11
boltz1_recycling_only,in-training,7.16,10,3,32,1SEM,pair_019,decoy,1ELW,0.07729058712720871,50.28695652173913,54.68764705882353,37.81833333333333,36.74625,17,6
boltz1_recycling_only,in-training,7.16,10,3,32,1SEM,pair_020,decoy,1OAI,0.08456528186798096,47.29714285714285,49.541999999999994,41.685,35.757777777777775,5,2
boltz1_recycling_only,in-training,7.16,10,3,32,1SEM,pair_021,decoy,4Z8J,0.0873546451330185,47.064166666666665,50.98142857142857,41.58,39.207499999999996,7,5
boltz1_recycling_only,in-training,7.16,10,3,32,1ELW,pair_025,decoy,1CKA,0.1596311777830124,49.09291666666667,52.10589743589744,36.03666666666666,36.348,39,9
boltz1_recycling_only,in-training,7.16,10,3,32,1ELW,pair_026,decoy,7OKL,0.23028627038002014,47.65588235294118,51.044166666666676,39.524,37.32333333333333,12,5
boltz1_recycling_only,in-training,7.16,10,3,32,1ELW,pair_027,decoy,1NLO,0.16837021708488464,46.202173913043474,48.914571428571435,37.57181818181818,37.57181818181818,35,11
boltz1_recycling_only,in-training,7.16,10,3,32,2GBQ,pair_031,decoy,1TP5,0.21550826728343964,55.1365,59.84785714285714,44.14333333333334,44.14333333333334,14,6
boltz1_recycling_only,in-training,7.16,10,3,32,2GBQ,pair_032,decoy,8HLO,0.15430989861488342,51.70666666666666,53.50428571428572,48.11142857142857,48.824615384615385,14,7
boltz1_recycling_only,in-training,7.16,10,3,32,2GBQ,pair_033,decoy,6YOO,0.14070668816566467,48.31954545454546,50.83166666666667,45.305,45.57500000000001,12,10
boltz1_recycling_only,in-training,7.16,10,3,32,1D4T,pair_037,decoy,1CKA,0.17748022079467773,45.92433333333333,47.59409090909091,41.332499999999996,40.083999999999996,22,8
boltz1_recycling_only,in-training,7.16,10,3,32,1D4T,pair_038,decoy,1SEM,0.16637864708900452,45.99529411764706,47.17000000000001,41.464285714285715,40.796,27,7
boltz1_recycling_only,in-training,7.16,10,3,32,1D4T,pair_039,decoy,1ELW,0.15071046352386475,41.40210526315789,46.375,32.87714285714286,32.35125,12,7
boltz1_recycling_only,in-training,7.16,10,3,32,1TP5,pair_043,decoy,1YCR,0.16000740230083466,40.804489795918364,43.77114285714285,33.38785714285714,33.408,35,14
boltz1_recycling_only,in-training,7.16,10,3,32,1TP5,pair_044,decoy,4Z8J,0.16749036312103271,41.16785714285714,44.81999999999999,36.29833333333333,36.605000000000004,8,6
boltz1_recycling_only,in-training,7.16,10,3,32,1TP5,pair_045,decoy,6YOO,0.17397426068782806,44.303333333333335,46.747857142857136,39.41428571428572,38.345000000000006,14,7
boltz1_recycling_only,in-training,7.16,10,3,32,2FNT,pair_049,decoy,1CKA,0.19189852476119995,47.084230769230764,49.06166666666667,42.635000000000005,40.42700000000001,18,8
boltz1_recycling_only,in-training,7.16,10,3,32,2FNT,pair_050,decoy,7S7J,0.08627676218748093,40.19589285714285,40.930263157894736,38.64555555555556,37.67739130434782,38,18
boltz1_recycling_only,in-training,7.16,10,3,32,2FNT,pair_051,decoy,3DS4,0.15254046022891998,43.9425,46.730625,40.225,40.225,16,12
boltz1_recycling_only,in-training,7.16,10,3,32,1NLO,pair_055,decoy,2GBQ,0.32679110765457153,61.74260869565218,63.75733333333334,57.964999999999996,56.97666666666666,15,8
boltz1_recycling_only,in-training,7.16,10,3,32,1NLO,pair_056,decoy,1YCR,0.07840771973133087,46.90677419354838,48.77666666666667,44.317692307692305,44.17466666666666,18,13
boltz1_recycling_only,in-training,7.16,10,3,32,1NLO,pair_057,decoy,9GRF,0.1750715672969818,63.13083333333333,69.83705882352942,46.84428571428571,46.204,17,7
boltz1_recycling_only,in-training,7.16,10,3,32,1OAI,pair_061,decoy,7OKL,0.10188993066549301,48.54529411764706,51.933846153846154,37.5325,36.52833333333333,13,4
boltz1_recycling_only,in-training,7.16,10,3,32,1OAI,pair_062,decoy,1NLO,0.16366244852542877,51.492399999999996,54.875,45.478888888888896,44.687272727272735,16,9
boltz1_recycling_only,in-training,7.16,10,3,32,1OAI,pair_063,decoy,9F6S,0.24052269756793976,61.210869565217386,67.38529411764705,43.71666666666667,43.71666666666667,17,6
boltz1_recycling_only,in-training,7.16,10,3,32,4LN2,pair_067,decoy,1CKA,0.17743010818958282,54.021,55.74133333333332,48.86,44.952000000000005,15,5
boltz1_recycling_only,in-training,7.16,10,3,32,4LN2,pair_068,decoy,8KDX,0.15429791808128357,47.31171428571429,48.33095238095239,45.78285714285714,46.41266666666665,21,14
boltz1_recycling_only,in-training,7.16,10,3,32,4LN2,pair_069,decoy,8HLO,0.11644934117794037,44.47639999999999,45.08200000000001,43.568,43.7023076923077,15,10
boltz1_recycling_only,in-training,7.16,10,3,32,9F6S,pair_073,decoy,1D4T,0.24230587482452393,52.09102564102563,56.098275862068974,40.47,40.26272727272727,29,10
boltz1_recycling_only,in-training,7.16,10,3,32,9F6S,pair_074,decoy,4Z8J,0.21736332774162292,47.36826086956522,50.185,40.93,40.6525,16,7
boltz1_recycling_only,in-training,7.16,10,3,32,9F6S,pair_075,decoy,1BE9,0.14202597737312317,40.71857142857143,47.67,31.450000000000003,30.272000000000002,4,3
boltz1_recycling_only,in-training,7.16,10,3,32,8KDX,pair_079,decoy,7S7J,0.055818844586610794,43.41428571428572,40.480000000000004,46.641999999999996,46.09043478260869,11,10
boltz1_recycling_only,in-training,7.16,10,3,32,8KDX,pair_080,decoy,7OKL,0.12481019645929337,49.124,53.45214285714285,39.025000000000006,39.025000000000006,14,6
boltz1_recycling_only,in-training,7.16,10,3,32,8KDX,pair_081,decoy,1SEM,0.09856455773115158,44.4685,45.33692307692308,42.855714285714285,41.003,13,7
boltz1_recycling_only,in-training,7.16,10,3,32,6YOO,pair_085,decoy,1D4T,0.18348312377929688,45.011395348837205,46.724999999999994,40.02636363636364,40.02636363636364,32,11
boltz1_recycling_only,in-training,7.16,10,3,32,6YOO,pair_086,decoy,2FNT,0.2232026308774948,44.777142857142856,47.8612,37.067,37.067,25,10
boltz1_recycling_only,in-training,7.16,10,3,32,6YOO,pair_087,decoy,4Z8J,0.3940925598144531,49.1815625,49.15541666666667,49.260000000000005,49.260000000000005,24,8
boltz1_recycling_only,in-training,7.16,10,3,32,3DS4,pair_091,decoy,1BE9,0.17783503234386444,42.332,47.02300000000001,32.95,32.95,10,5
boltz1_recycling_only,in-training,7.16,10,3,32,3DS4,pair_092,decoy,1OAI,0.15518955886363983,43.96000000000001,50.7625,36.18571428571429,34.885555555555555,8,7
boltz1_recycling_only,in-training,7.16,10,3,32,3DS4,pair_093,decoy,1CKA,0.11228392273187637,42.61043478260869,45.174375,36.75,35.63,16,7
boltz1_recycling_only,in-training,7.16,10,3,32,9GRF,pair_097,decoy,1NLO,0.1162881925702095,44.16576923076923,48.12444444444444,35.258750000000006,34.98454545454546,18,8
boltz1_recycling_only,in-training,7.16,10,3,32,9GRF,pair_098,decoy,8KDX,0.10005421936511993,40.706041666666664,42.55805555555555,35.150000000000006,34.676,36,12
boltz1_recycling_only,in-training,7.16,10,3,32,9GRF,pair_099,decoy,1SEM,0.11570992320775986,39.11736842105263,42.595,33.15571428571429,33.527,12,7
boltz1_recycling_only,in-training,7.16,10,3,32,7S7J,pair_103,decoy,4O36,0.1564554125070572,51.37925925925926,52.138999999999996,49.20857142857143,47.674,20,7
boltz1_recycling_only,in-training,7.16,10,3,32,7S7J,pair_104,decoy,1BE9,0.21087251603603363,57.81380952380952,62.39352941176471,38.35,37.536,17,4
boltz1_recycling_only,in-training,7.16,10,3,32,7S7J,pair_105,decoy,7OKL,0.12669506669044495,43.81583333333333,49.14857142857143,36.35000000000001,36.075,7,5
boltz1_recycling_only,in-training,7.16,10,3,32,4Z8J,pair_109,decoy,6YOO,0.19941377639770508,47.177499999999995,51.65849999999999,39.70916666666667,39.70916666666667,20,12
boltz1_recycling_only,in-training,7.16,10,3,32,4Z8J,pair_110,decoy,9F6S,0.3640531599521637,46.67458333333334,47.09777777777778,45.405,45.405,18,6
boltz1_recycling_only,in-training,7.16,10,3,32,4Z8J,pair_111,decoy,4LN2,0.07798314094543457,42.888604651162794,45.206571428571436,32.7475,31.58090909090909,35,8
boltz1_recycling_only,in-training,7.16,10,3,32,8HLO,pair_115,decoy,7S7J,0.06839612871408463,44.16807692307692,43.73615384615385,44.60000000000001,46.243043478260866,13,13
boltz1_recycling_only,in-training,7.16,10,3,32,8HLO,pair_116,decoy,7OKL,0.36755821108818054,55.194705882352935,57.71454545454546,50.574999999999996,50.574999999999996,11,6
boltz1_recycling_only,in-training,7.16,10,3,32,8HLO,pair_117,decoy,1TP5,0.15190166234970093,45.65842105263158,48.73692307692308,38.98833333333334,38.98833333333334,13,6
boltz1_recycling_only,in-training,7.16,10,3,32,7OKL,pair_121,decoy,6YOO,0.0682830885052681,39.39370370370371,42.01157894736843,33.17625,32.29333333333333,19,8
boltz1_recycling_only,in-training,7.16,10,3,32,7OKL,pair_122,decoy,1OAI,0.05867216736078262,32.783076923076926,41.526666666666664,25.288571428571426,25.59,6,7
boltz1_recycling_only,in-training,7.16,10,3,32,7OKL,pair_123,decoy,2GBQ,0.10181303322315216,44.9168085106383,47.90805555555555,35.127272727272725,34.5675,36,11
boltz1_recycling_only,in-training,7.16,10,3,32,4O36,pair_127,decoy,9GRF,0.12060198932886124,47.83727272727272,50.36826086956522,34.90111111111111,34.956,46,9
boltz1_recycling_only,in-training,7.16,10,3,32,4O36,pair_128,decoy,8HLO,0.09144564718008041,35.87619047619047,35.497,36.22090909090909,35.31461538461538,10,11
boltz1_recycling_only,in-training,7.16,10,3,32,4O36,pair_129,decoy,1BE9,0.11578822880983353,37.15030303030303,37.51892857142857,35.086,35.086,28,5
heldout_reduced,held-out,7.10,,,,9F6S,ho_000,cognate,9F6S,0.5217851996421814,76.73450000000003,86.81785714285715,53.20666666666667,53.20666666666667,14,6
heldout_reduced,held-out,7.10,,,,9F6S,ho_001,decoy,9C66,0.210048645734787,69.0416,80.37,44.96875,43.79,17,8
heldout_reduced,held-out,7.10,,,,9F6S,ho_002,decoy,8VGC,0.4361969530582428,74.93266666666666,82.35909090909091,54.510000000000005,53.39699999999999,22,8
heldout_reduced,held-out,7.10,,,,9F6S,ho_003,decoy,9GRF,0.2853446304798126,67.79285714285713,78.6564,40.634,40.634,25,10
heldout_reduced,held-out,7.10,,,,9F6S,ho_004,scrambled,9F6S,0.8667678833007812,88.48739130434782,90.59588235294117,82.51333333333334,82.51333333333334,17,6
heldout_reduced,held-out,7.10,,,,9F6S,ho_005,scrambled,9F6S,0.8782168626785278,83.29727272727273,85.30812499999999,77.935,77.935,16,6
heldout_reduced,held-out,7.10,,,,8KDX,ho_006,cognate,8KDX,0.21245579421520233,58.6076923076923,64.27642857142857,51.994166666666665,50.44466666666667,14,12
heldout_reduced,held-out,7.10,,,,8KDX,ho_007,decoy,7E0B,0.25049397349357605,69.403125,81.425,49.36666666666667,51.137142857142855,10,6
heldout_reduced,held-out,7.10,,,,8KDX,ho_008,decoy,7OKL,0.17907637357711792,62.825789473684225,73.07384615384615,40.62166666666667,40.62166666666667,13,6
heldout_reduced,held-out,7.10,,,,8KDX,ho_009,decoy,8HLO,0.12195706367492676,56.824000000000005,66.67153846153846,46.15583333333334,45.47923076923078,13,12
heldout_reduced,held-out,7.10,,,,8KDX,ho_010,scrambled,8KDX,0.16049325466156006,65.94257142857144,76.75863636363636,47.638461538461534,47.084666666666664,22,13
heldout_reduced,held-out,7.10,,,,8KDX,ho_011,scrambled,8KDX,0.31919458508491516,65.81076923076924,72.486875,55.129,55.395999999999994,16,10
heldout_reduced,held-out,7.10,,,,9GRF,ho_012,cognate,9GRF,0.2279272824525833,64.74387096774193,73.67454545454544,42.913333333333334,41.961,22,9
heldout_reduced,held-out,7.10,,,,9GRF,ho_013,decoy,7S7J,0.25627821683883667,62.369393939393944,69.57833333333332,53.718666666666664,56.734782608695646,18,15
heldout_reduced,held-out,7.10,,,,9GRF,ho_014,decoy,9C66,0.18620122969150543,57.7375,66.604,42.96,41.666999999999994,10,6
heldout_reduced,held-out,7.10,,,,9GRF,ho_015,decoy,9F6S,0.5429468750953674,69.48555555555555,76.50916666666667,55.43833333333333,55.43833333333333,12,6
heldout_reduced,held-out,7.10,,,,9GRF,ho_016,scrambled,9GRF,0.18068629503250122,61.89222222222223,71.65611111111112,42.364444444444445,42.1,18,9
heldout_reduced,held-out,7.10,,,,9GRF,ho_017,scrambled,9GRF,0.13583539426326752,55.48916666666667,68.64357142857142,37.073,37.073,14,10
heldout_reduced,held-out,7.10,,,,7S7J,ho_018,cognate,7S7J,0.7017177939414978,90.57457142857143,94.16571428571429,85.18785714285715,84.4391304347826,21,14
heldout_reduced,held-out,7.10,,,,7S7J,ho_019,decoy,8YTG,0.29505252838134766,77.16238095238097,88.55071428571429,54.385714285714286,54.03875000000001,14,7
heldout_reduced,held-out,7.10,,,,7S7J,ho_020,decoy,7E0B,0.3398054540157318,77.42500000000001,86.73785714285714,55.69499999999999,55.57714285714285,14,6
heldout_reduced,held-out,7.10,,,,7S7J,ho_021,decoy,8HLO,0.26343587040901184,74.7228125,86.32681818181818,49.194,48.55461538461539,22,10
heldout_reduced,held-out,7.10,,,,7S7J,ho_022,scrambled,7S7J,0.4030659794807434,75.83488372093024,86.05423076923078,60.20529411764706,59.99173913043478,26,17
heldout_reduced,held-out,7.10,,,,7S7J,ho_023,scrambled,7S7J,0.5117742419242859,79.50026315789472,87.04043478260868,67.93866666666668,65.38521739130437,23,15
heldout_reduced,held-out,7.10,,,,8HLO,ho_024,cognate,8HLO,0.7982438802719116,92.62730769230767,95.275625,88.39,87.89769230769231,16,10
heldout_reduced,held-out,7.10,,,,8HLO,ho_025,decoy,7PVX,0.5167686939239502,80.00708333333334,89.36133333333333,64.41666666666667,65.25250000000001,15,9
heldout_reduced,held-out,7.10,,,,8HLO,ho_026,decoy,8TFU,0.48527470231056213,82.06631578947369,89.3490909090909,72.05250000000001,71.026,11,8
heldout_reduced,held-out,7.10,,,,8HLO,ho_027,decoy,7JZQ,0.22640204429626465,74.7475,87.08437500000001,50.07375,50.385000000000005,16,8
heldout_reduced,held-out,7.10,,,,8HLO,ho_028,scrambled,8HLO,0.6647785305976868,81.4415,88.2953846153846,68.71285714285715,66.75384615384615,13,7
heldout_reduced,held-out,7.10,,,,8HLO,ho_029,scrambled,8HLO,0.3003934621810913,75.2605,85.93615384615386,55.43428571428571,56.03692307692309,13,7
heldout_reduced,held-out,7.10,,,,7OKL,ho_030,cognate,7OKL,0.07610826939344406,58.25916666666666,81.33571428571429,25.952000000000005,25.22666666666667,7,5
heldout_reduced,held-out,7.10,,,,7OKL,ho_031,decoy,7F3S,0.11171944439411163,74.9688888888889,91.7767741935484,37.75142857142857,38.212222222222216,31,14
heldout_reduced,held-out,7.10,,,,7OKL,ho_032,decoy,7S7J,0.06312116980552673,65.45829787234041,79.938,39.90588235294118,44.65304347826087,30,17
heldout_reduced,held-out,7.10,,,,7OKL,ho_033,decoy,8KDX,0.1127648577094078,67.58090909090909,89.31052631578946,38.09071428571429,38.43466666666667,19,14
heldout_reduced,held-out,7.10,,,,7OKL,ho_034,scrambled,7OKL,0.10850820690393448,67.455,81.37388888888889,25.698333333333334,25.698333333333334,18,6
heldout_reduced,held-out,7.10,,,,7OKL,ho_035,scrambled,7OKL,0.4916091561317444,87.74312499999999,95.293,75.15999999999998,75.15999999999998,10,6
heldout_reduced,held-out,7.10,,,,8OP0,ho_036,cognate,8OP0,0.24911513924598694,59.67181818181818,69.74619047619048,42.04166666666667,41.25214285714285,21,12
heldout_reduced,held-out,7.10,,,,8OP0,ho_037,decoy,8YTG,0.2545533776283264,64.55423076923077,74.11666666666666,43.03875,43.03875,18,8
heldout_reduced,held-out,7.10,,,,8OP0,ho_038,decoy,8VGC,0.23645363748073578,56.436296296296305,65.46,38.388888888888886,37.65,18,9
heldout_reduced,held-out,7.10,,,,8OP0,ho_039,decoy,7S7J,0.17874395847320557,58.431086956521746,67.4948148148148,45.55105263157895,47.21739130434783,27,19
heldout_reduced,held-out,7.10,,,,8OP0,ho_040,scrambled,8OP0,0.18870964646339417,63.137368421052635,76.6412,37.168461538461536,36.785714285714285,25,13
heldout_reduced,held-out,7.10,,,,8OP0,ho_041,scrambled,8OP0,0.2434912472963333,60.459375,70.921,43.02333333333333,42.241428571428564,20,12
heldout_reduced,held-out,7.10,,,,7RUP,ho_042,cognate,7RUP,0.6673720479011536,76.26035714285716,81.10733333333333,70.6676923076923,68.841875,15,13
heldout_reduced,held-out,7.10,,,,7RUP,ho_043,decoy,7OKL,0.3228726089000702,67.87733333333334,80.301,43.03,43.086666666666666,10,5
heldout_reduced,held-out,7.10,,,,7RUP,ho_044,decoy,7JZQ,0.3634454011917114,68.0092,79.07133333333333,51.416,51.416,15,10
heldout_reduced,held-out,7.10,,,,7RUP,ho_045,decoy,7TZK,0.2323034405708313,66.62310344827586,76.17111111111113,50.99909090909091,50.08916666666667,18,11
heldout_reduced,held-out,7.10,,,,7RUP,ho_046,scrambled,7RUP,0.14888817071914673,60.347333333333346,69.85777777777778,46.08166666666667,53.728125,9,6
heldout_reduced,held-out,7.10,,,,7RUP,ho_047,scrambled,7RUP,0.26428768038749695,63.33344827586206,71.55833333333334,49.874545454545455,47.471875,18,11
heldout_reduced,held-out,7.10,,,,8JJV,ho_048,cognate,8JJV,0.25891026854515076,57.44799999999999,66.64047619047618,43.659285714285716,43.659285714285716,21,14
heldout_reduced,held-out,7.10,,,,8JJV,ho_049,decoy,7F3S,0.12431760877370834,55.71702702702702,65.35190476190476,43.07125,43.63111111111111,21,16
heldout_reduced,held-out,7.10,,,,8JJV,ho_050,decoy,8TFU,0.24516712129116058,64.3426923076923,73.5977777777778,43.51875,43.317,18,8
heldout_reduced,held-out,7.10,,,,8JJV,ho_051,decoy,8HLO,0.302566796541214,65.17096774193548,78.81368421052632,43.57,43.52153846153847,19,12
heldout_reduced,held-out,7.10,,,,8JJV,ho_052,scrambled,8JJV,0.17954346537590027,58.20976190476189,67.62724137931035,37.20153846153847,37.617142857142866,29,13
heldout_reduced,held-out,7.10,,,,8JJV,ho_053,scrambled,8JJV,0.16261547803878784,59.68386363636364,70.81233333333331,35.83714285714286,35.83714285714286,30,14
heldout_reduced,held-out,7.10,,,,8PEF,ho_054,cognate,8PEF,0.22282662987709045,63.796666666666674,74.24758620689654,44.854375000000005,44.82,29,16
heldout_reduced,held-out,7.10,,,,8PEF,ho_055,decoy,7OKL,0.10456456989049911,53.458275862068966,60.59086956521739,26.116666666666664,26.116666666666664,23,6
heldout_reduced,held-out,7.10,,,,8PEF,ho_056,decoy,7UHE,0.2187936007976532,56.900999999999996,62.90392857142858,42.894166666666656,42.894166666666656,28,12
heldout_reduced,held-out,7.10,,,,8PEF,ho_057,decoy,9GRF,0.1551777571439743,52.107419354838704,59.23363636363636,34.687777777777775,34.698,22,9
heldout_reduced,held-out,7.10,,,,8PEF,ho_058,scrambled,8PEF,0.2755243182182312,58.33682926829268,69.33269230769231,39.27733333333333,39.46764705882353,26,15
heldout_reduced,held-out,7.10,,,,8PEF,ho_059,scrambled,8PEF,0.22511416673660278,58.30066666666668,73.35705882352941,38.61153846153846,37.978235294117646,17,13
heldout_reduced,held-out,7.10,,,,7E0B,ho_060,cognate,7E0B,0.9086726903915405,86.01407407407406,86.14699999999999,85.63428571428572,85.63428571428572,20,7
heldout_reduced,held-out,7.10,,,,7E0B,ho_061,decoy,7XV0,0.22953718900680542,63.90880952380952,71.6896153846154,51.265,47.896,26,16
heldout_reduced,held-out,7.10,,,,7E0B,ho_062,decoy,8OP0,0.20485563576221466,61.28594594594595,74.53958333333334,36.817692307692305,36.52571428571429,24,13
heldout_reduced,held-out,7.10,,,,7E0B,ho_063,decoy,8PEF,0.14657366275787354,65.40775000000001,77.1132,45.89866666666667,45.06117647058824,25,15
heldout_reduced,held-out,7.10,,,,7E0B,ho_064,scrambled,7E0B,0.9123998880386353,86.58629629629631,86.71199999999999,86.22714285714287,86.22714285714287,20,7
heldout_reduced,held-out,7.10,,,,7E0B,ho_065,scrambled,7E0B,0.4251202344894409,77.77090909090909,80.75038461538462,66.7042857142857,66.7042857142857,26,7
heldout_reduced,held-out,7.10,,,,7JZQ,ho_066,cognate,7JZQ,0.11074282228946686,46.944799999999994,51.84375,38.23555555555556,38.545,16,9
heldout_reduced,held-out,7.10,,,,7JZQ,ho_067,decoy,8JJV,0.13243573904037476,47.79258620689655,51.18090909090909,37.14357142857142,37.14357142857142,44,14
heldout_reduced,held-out,7.10,,,,7JZQ,ho_068,decoy,8HLO,0.12048549950122833,48.89448275862069,53.4865,38.690000000000005,38.75923076923077,20,9
heldout_reduced,held-out,7.10,,,,7JZQ,ho_069,decoy,7TZK,0.1920454502105713,47.367551020408165,48.61205128205128,42.513999999999996,41.28,39,10
heldout_reduced,held-out,7.10,,,,7JZQ,ho_070,scrambled,7JZQ,0.10544713586568832,52.173750000000005,58.10608695652173,37.013333333333335,37.205,23,9
heldout_reduced,held-out,7.10,,,,7JZQ,ho_071,scrambled,7JZQ,0.21791420876979828,56.77366666666668,62.902857142857144,42.47222222222222,41.763999999999996,21,9
heldout_reduced,held-out,7.10,,,,7F3S,ho_072,cognate,7F3S,0.1883498728275299,62.699999999999996,77.46041666666666,39.083333333333336,39.642222222222216,24,15
heldout_reduced,held-out,7.10,,,,7F3S,ho_073,decoy,8X8A,0.6548430323600769,72.5985,81.46043478260869,60.60882352941176,60.49315789473684,23,17
heldout_reduced,held-out,7.10,,,,7F3S,ho_074,decoy,8VGC,0.253620445728302,68.7124,78.98823529411764,46.87625,43.49300000000001,17,8
heldout_reduced,held-out,7.10,,,,7F3S,ho_075,decoy,7JZQ,0.3060851991176605,64.64120000000001,76.53812500000001,43.49111111111111,42.93599999999999,16,9
heldout_reduced,held-out,7.10,,,,7F3S,ho_076,scrambled,7F3S,0.19243167340755463,62.15972222222222,73.26136363636364,44.714285714285715,43.510000000000005,22,14
heldout_reduced,held-out,7.10,,,,7F3S,ho_077,scrambled,7F3S,0.07724084705114365,70.22711111111113,90.03392857142856,37.60411764705882,38.45555555555555,28,17
heldout_reduced,held-out,7.10,,,,9C66,ho_078,cognate,9C66,0.16425761580467224,36.404074074074074,38.07470588235293,33.56400000000001,33.56400000000001,17,10
heldout_reduced,held-out,7.10,,,,9C66,ho_079,decoy,7TZK,0.27119049429893494,42.01333333333333,42.3275,41.385000000000005,39.625,20,10
heldout_reduced,held-out,7.10,,,,9C66,ho_080,decoy,9GRF,0.1007930263876915,45.653333333333336,50.520833333333336,32.67333333333333,32.229,24,9
heldout_reduced,held-out,7.10,,,,9C66,ho_081,decoy,8PEF,0.0691506564617157,37.75780487804879,42.098800000000004,30.975,31.045294117647064,25,16
heldout_reduced,held-out,7.10,,,,9C66,ho_082,scrambled,9C66,0.16948312520980835,40.579565217391306,42.436875,36.33428571428571,34.657,16,7
heldout_reduced,held-out,7.10,,,,9C66,ho_083,scrambled,9C66,0.17078086733818054,41.79728813559322,42.97122448979592,36.045,36.045,49,10
heldout_reduced,held-out,7.10,,,,8VGC,ho_084,cognate,8VGC,0.46918174624443054,66.4723076923077,74.646875,53.39300000000001,53.39300000000001,16,10
heldout_reduced,held-out,7.10,,,,8VGC,ho_085,decoy,7E0B,0.2581856846809387,66.2945,74.54692307692308,50.96857142857143,50.96857142857143,13,7
heldout_reduced,held-out,7.10,,,,8VGC,ho_086,decoy,8HLO,0.36881712079048157,66.09565217391305,77.36357142857142,48.56777777777778,48.22153846153847,14,9
heldout_reduced,held-out,7.10,,,,8VGC,ho_087,decoy,7OKL,0.37414368987083435,69.96727272727271,74.715,57.306666666666665,57.306666666666665,16,6
heldout_reduced,held-out,7.10,,,,8VGC,ho_088,scrambled,8VGC,0.2215001881122589,64.50413793103448,75.19578947368421,44.190000000000005,44.190000000000005,19,10
heldout_reduced,held-out,7.10,,,,8VGC,ho_089,scrambled,8VGC,0.16575564444065094,63.7155172413793,73.44200000000001,42.101111111111116,41.964,20,9
heldout_reduced,held-out,7.10,,,,7UHE,ho_090,cognate,7UHE,0.7306807637214661,87.45000000000002,90.2245,82.40545454545453,81.09833333333333,20,11
heldout_reduced,held-out,7.10,,,,7UHE,ho_091,decoy,9C66,0.26744964718818665,70.70513513513515,79.74814814814815,46.289,46.289,27,10
heldout_reduced,held-out,7.10,,,,7UHE,ho_092,decoy,9GRF,0.20870210230350494,66.1096153846154,79.33705882352942,41.12444444444444,41.370999999999995,17,9
heldout_reduced,held-out,7.10,,,,7UHE,ho_093,decoy,7JZQ,0.17827367782592773,66.734,77.5064,39.803,39.803,25,10
heldout_reduced,held-out,7.10,,,,7UHE,ho_094,scrambled,7UHE,0.19146421551704407,69.92999999999999,79.67666666666666,52.386,54.192499999999995,18,10
heldout_reduced,held-out,7.10,,,,7UHE,ho_095,scrambled,7UHE,0.18785354495048523,68.98344827586206,80.99111111111111,49.33454545454546,48.961666666666666,18,11
heldout_reduced,held-out,7.10,,,,7PVX,ho_096,cognate,7PVX,0.5755600929260254,83.24111111111112,84.7735294117647,80.636,79.96333333333332,17,10
heldout_reduced,held-out,7.10,,,,7PVX,ho_097,decoy,7S7J,0.17534172534942627,65.99684210526316,70.82454545454546,59.35875,57.79478260869565,11,8
heldout_reduced,held-out,7.10,,,,7PVX,ho_098,decoy,8OP0,0.20968316495418549,68.20290322580644,76.401,53.29727272727273,54.74000000000001,20,11
heldout_reduced,held-out,7.10,,,,7PVX,ho_099,decoy,8VGC,0.10533379763364792,63.2995,76.0425,44.185,43.889,12,8
heldout_reduced,held-out,7.10,,,,7PVX,ho_100,scrambled,7PVX,0.22262455523014069,66.3825,77.80294117647058,48.73272727272727,48.434999999999995,17,11
heldout_reduced,held-out,7.10,,,,7PVX,ho_101,scrambled,7PVX,0.31153884530067444,65.8862962962963,75.36882352941177,49.766000000000005,49.044999999999995,17,10
heldout_reduced,held-out,7.10,,,,7TZK,ho_102,cognate,7TZK,0.4213564097881317,81.44681818181817,88.20166666666667,73.34100000000001,70.10166666666667,12,10
heldout_reduced,held-out,7.10,,,,7TZK,ho_103,decoy,7E0B,0.21936678886413574,74.64533333333334,84.373,55.19,56.42714285714285,10,5
heldout_reduced,held-out,7.10,,,,7TZK,ho_104,decoy,8X8A,0.16492532193660736,62.57766666666667,75.94166666666666,42.53166666666666,44.28526315789473,18,12
heldout_reduced,held-out,7.10,,,,7TZK,ho_105,decoy,8KDX,0.16999106109142303,61.91379310344828,77.98933333333335,44.69000000000001,45.50866666666668,15,14
heldout_reduced,held-out,7.10,,,,7TZK,ho_106,scrambled,7TZK,0.6156249046325684,83.94521739130435,90.7146153846154,75.145,75.7075,13,10
heldout_reduced,held-out,7.10,,,,7TZK,ho_107,scrambled,7TZK,0.2959233224391937,69.6538095238095,80.65538461538462,51.776250000000005,51.08166666666667,13,8
heldout_reduced,held-out,7.10,,,,8YTG,ho_108,cognate,8YTG,0.10516946762800217,42.03632653061224,43.10536585365853,36.5575,36.5575,41,8
heldout_reduced,held-out,7.10,,,,8YTG,ho_109,decoy,7JZQ,0.08957593142986298,38.37914285714286,39.9852,34.364,34.364,25,10
heldout_reduced,held-out,7.10,,,,8YTG,ho_110,decoy,7PVX,0.08587756007909775,41.2304,42.03384615384615,38.381818181818176,38.19666666666666,39,11
heldout_reduced,held-out,7.10,,,,8YTG,ho_111,decoy,7F3S,0.0798059031367302,40.47625,40.9655,39.660833333333336,40.42833333333333,20,12
heldout_reduced,held-out,7.10,,,,8YTG,ho_112,scrambled,8YTG,0.11316436529159546,41.29310344827586,42.79666666666668,37.34625,37.34625,21,8
heldout_reduced,held-out,7.10,,,,8YTG,ho_113,scrambled,8YTG,0.09413374215364456,41.2068115942029,41.534426229508185,38.708749999999995,38.708749999999995,61,8
heldout_reduced,held-out,7.10,,,,8TFU,ho_114,cognate,8TFU,0.5146418213844299,73.31529411764706,80.29727272727273,60.51499999999999,61.649,11,6
heldout_reduced,held-out,7.10,,,,8TFU,ho_115,decoy,7XV0,0.17731750011444092,60.92135135135133,69.89052631578947,51.45388888888889,50.543000000000006,19,18
heldout_reduced,held-out,7.10,,,,8TFU,ho_116,decoy,8YTG,0.13930919766426086,73.41578947368421,84.95166666666667,53.64,52.95,12,7
heldout_reduced,held-out,7.10,,,,8TFU,ho_117,decoy,7RUP,0.30341705679893494,64.28782608695653,78.33846153846154,46.022,49.893125000000005,13,10
heldout_reduced,held-out,7.10,,,,8TFU,ho_118,scrambled,8TFU,0.5660613179206848,74.30875,77.08000000000001,69.69,66.077,5,3
heldout_reduced,held-out,7.10,,,,8TFU,ho_119,scrambled,8TFU,0.41378533840179443,70.38142857142857,77.63777777777779,57.32000000000001,56.237,9,5
heldout_reduced,held-out,7.10,,,,7XV0,ho_120,cognate,7XV0,0.253320574760437,58.03060606060606,71.00058823529412,44.25,43.834,17,16
heldout_reduced,held-out,7.10,,,,7XV0,ho_121,decoy,8X8A,0.1453697234392166,62.68675,72.68615384615386,44.11642857142857,42.36263157894737,26,14
heldout_reduced,held-out,7.10,,,,7XV0,ho_122,decoy,8HLO,0.19141718745231628,65.25428571428573,78.40173913043479,40.055,40.393846153846155,23,12
heldout_reduced,held-out,7.10,,,,7XV0,ho_123,decoy,7RUP,0.18299970030784607,62.501764705882366,74.88909090909092,39.791666666666664,39.495625000000004,22,12
heldout_reduced,held-out,7.10,,,,7XV0,ho_124,scrambled,7XV0,0.1746552288532257,63.869,73.643,44.321,41.587,20,10
heldout_reduced,held-out,7.10,,,,7XV0,ho_125,scrambled,7XV0,0.2187935709953308,60.52393939393939,68.61,46.373333333333335,45.43150000000001,21,12
heldout_reduced,held-out,7.10,,,,8X8A,ho_126,cognate,8X8A,0.8361114859580994,82.41214285714285,86.63166666666666,74.817,66.56631578947369,18,10
heldout_reduced,held-out,7.10,,,,8X8A,ho_127,decoy,8TFU,0.24786296486854553,68.314,84.08600000000001,44.656,44.656,15,10
heldout_reduced,held-out,7.10,,,,8X8A,ho_128,decoy,7E0B,0.3711228370666504,74.71666666666665,86.17882352941177,46.88,46.88,17,7
heldout_reduced,held-out,7.10,,,,8X8A,ho_129,decoy,7S7J,0.7804639339447021,85.979375,90.382,78.64166666666667,74.85565217391303,20,12
heldout_reduced,held-out,7.10,,,,8X8A,ho_130,scrambled,8X8A,0.31506985425949097,60.64363636363636,70.4855,45.50230769230769,44.72157894736842,20,13
heldout_reduced,held-out,7.10,,,,8X8A,ho_131,scrambled,8X8A,0.5043671727180481,65.72447368421051,76.05304347826088,49.887333333333345,47.87842105263158,23,15
heldout_full_draw1,held-out,7.10.6,,,,9F6S,ho_000,cognate,9F6S,0.9216082096099854,89.37739130434782,93.12411764705882,78.76166666666666,78.76166666666666,17,6
heldout_full_draw1,held-out,7.10.6,,,,9F6S,ho_001,decoy,9C66,0.19649556279182434,70.76758620689655,82.61449999999999,44.44111111111111,44.43,20,9
heldout_full_draw1,held-out,7.10.6,,,,9F6S,ho_002,decoy,8VGC,0.21517051756381989,68.38827586206897,81.30999999999999,39.67333333333333,38.184000000000005,20,9
heldout_full_draw1,held-out,7.10.6,,,,9F6S,ho_003,decoy,9GRF,0.24083557724952698,68.15193548387097,81.22727272727273,36.19,35.439,22,9
heldout_full_draw1,held-out,7.10.6,,,,9F6S,ho_004,scrambled,9F6S,0.9282938838005066,91.6690476190476,94.42466666666665,84.78000000000002,84.78000000000002,15,6
heldout_full_draw1,held-out,7.10.6,,,,9F6S,ho_005,scrambled,9F6S,0.8435268402099609,81.2704347826087,85.66,68.83333333333333,68.83333333333333,17,6
heldout_full_draw1,held-out,7.10.6,,,,8KDX,ho_006,cognate,8KDX,0.26175037026405334,72.27260869565217,84.15066666666668,50.00125,49.03066666666666,15,8
heldout_full_draw1,held-out,7.10.6,,,,8KDX,ho_007,decoy,7E0B,0.19038589298725128,75.30318181818183,85.725625,47.51,48.451428571428565,16,6
heldout_full_draw1,held-out,7.10.6,,,,8KDX,ho_008,decoy,7OKL,0.26851794123649597,76.71266666666665,88.16545454545454,45.2175,45.56833333333333,11,4
heldout_full_draw1,held-out,7.10.6,,,,8KDX,ho_009,decoy,8HLO,0.5650277733802795,82.25636363636364,89.75,69.1425,67.68846153846154,14,8
heldout_full_draw1,held-out,7.10.6,,,,8KDX,ho_010,scrambled,8KDX,0.5408205389976501,81.33366666666667,90.72888888888889,67.24083333333333,65.83533333333332,18,12
heldout_full_draw1,held-out,7.10.6,,,,8KDX,ho_011,scrambled,8KDX,0.26809263229370117,71.96333333333332,84.69866666666665,50.73777777777778,51.16466666666667,15,9
heldout_full_draw1,held-out,7.10.6,,,,9GRF,ho_012,cognate,9GRF,0.11540437489748001,69.67454545454547,89.07999999999997,35.714999999999996,35.474000000000004,14,8
heldout_full_draw1,held-out,7.10.6,,,,9GRF,ho_013,decoy,7S7J,0.07403357326984406,70.05441176470589,86.9478947368421,48.656,50.66173913043478,19,15
heldout_full_draw1,held-out,7.10.6,,,,9GRF,ho_014,decoy,9C66,0.7613065242767334,91.50384615384615,95.1075,85.738,84.77499999999999,8,5
heldout_full_draw1,held-out,7.10.6,,,,9GRF,ho_015,decoy,9F6S,0.319027841091156,73.608125,87.97363636363636,42.004000000000005,41.388333333333335,11,5
heldout_full_draw1,held-out,7.10.6,,,,9GRF,ho_016,scrambled,9GRF,0.6413566470146179,85.0621052631579,89.98785714285714,71.27000000000001,66.982,14,5
heldout_full_draw1,held-out,7.10.6,,,,9GRF,ho_017,scrambled,9GRF,0.33937400579452515,73.33399999999999,88.05538461538461,45.9942857142857,40.266999999999996,13,7
heldout_full_draw1,held-out,7.10.6,,,,7S7J,ho_018,cognate,7S7J,0.8416633009910583,90.57970588235294,95.79899999999999,83.12357142857142,84.68565217391303,20,14
heldout_full_draw1,held-out,7.10.6,,,,7S7J,ho_019,decoy,8YTG,0.47204145789146423,76.247,89.11642857142856,46.218333333333334,45.0475,14,6
heldout_full_draw1,held-out,7.10.6,,,,7S7J,ho_020,decoy,7E0B,0.3000854253768921,76.47,89.9727777777778,41.74857142857143,41.74857142857143,18,7
heldout_full_draw1,held-out,7.10.6,,,,7S7J,ho_021,decoy,8HLO,0.3433856666088104,72.72166666666668,88.81466666666665,45.900000000000006,45.71384615384616,15,9
heldout_full_draw1,held-out,7.10.6,,,,7S7J,ho_022,scrambled,7S7J,0.16794639825820923,64.98525,84.22782608695653,38.95117647058824,38.923043478260865,23,17
heldout_full_draw1,held-out,7.10.6,,,,7S7J,ho_023,scrambled,7S7J,0.33192479610443115,71.79064516129034,85.61350000000002,46.658181818181816,46.99043478260869,20,11
heldout_full_draw1,held-out,7.10.6,,,,8HLO,ho_024,cognate,8HLO,0.8416667580604553,91.712,96.425,83.33333333333333,85.20923076923079,16,9
heldout_full_draw1,held-out,7.10.6,,,,8HLO,ho_025,decoy,7PVX,0.8176098465919495,90.27708333333332,93.963125,82.905,82.23833333333333,16,8
heldout_full_draw1,held-out,7.10.6,,,,8HLO,ho_026,decoy,8TFU,0.11060356348752975,76.55947368421052,92.22846153846154,42.61,43.641000000000005,13,6
heldout_full_draw1,held-out,7.10.6,,,,8HLO,ho_027,decoy,7JZQ,0.28803789615631104,74.67961538461537,89.78764705882354,46.14222222222222,46.565,17,9
heldout_full_draw1,held-out,7.10.6,,,,8HLO,ho_028,scrambled,8HLO,0.6706348061561584,78.98684210526316,89.21153846153847,56.833333333333336,54.99769230769231,13,6
heldout_full_draw1,held-out,7.10.6,,,,8HLO,ho_029,scrambled,8HLO,0.2968895137310028,69.33761904761906,87.293,53.01454545454544,54.5353846153846,10,11
heldout_full_draw1,held-out,7.10.6,,,,7OKL,ho_030,cognate,7OKL,0.6507615447044373,94.17785714285716,97.85400000000001,84.9875,84.44,10,4
heldout_full_draw1,held-out,7.10.6,,,,7OKL,ho_031,decoy,7F3S,0.15148667991161346,71.29918918918919,95.40849999999999,42.93529411764706,42.927222222222234,20,17
heldout_full_draw1,held-out,7.10.6,,,,7OKL,ho_032,decoy,7S7J,0.09316340833902359,73.29041666666667,90.2746153846154,53.21818181818182,63.81434782608696,13,11
heldout_full_draw1,held-out,7.10.6,,,,7OKL,ho_033,decoy,8KDX,0.13418516516685486,68.12,84.3388888888889,43.791666666666664,45.467999999999996,18,12
heldout_full_draw1,held-out,7.10.6,,,,7OKL,ho_034,scrambled,7OKL,0.36975041031837463,74.985,92.53666666666666,43.392,42.635,9,5
heldout_full_draw1,held-out,7.10.6,,,,7OKL,ho_035,scrambled,7OKL,0.5200498104095459,89.25058823529412,96.4218181818182,76.10333333333334,76.10333333333334,11,6
heldout_full_draw1,held-out,7.10.6,,,,8OP0,ho_036,cognate,8OP0,0.33810728788375854,63.77658536585366,74.42296296296297,43.2442857142857,43.2442857142857,27,14
heldout_full_draw1,held-out,7.10.6,,,,8OP0,ho_037,decoy,8YTG,0.3102409839630127,64.7225925925926,73.32789473684211,44.285,44.285,19,8
heldout_full_draw1,held-out,7.10.6,,,,8OP0,ho_038,decoy,8VGC,0.8028497695922852,77.85103448275862,81.48684210526316,70.94300000000001,70.94300000000001,19,10
heldout_full_draw1,held-out,7.10.6,,,,8OP0,ho_039,decoy,7S7J,0.19612598419189453,60.56666666666667,69.64653846153846,48.14157894736842,49.09347826086957,26,19
heldout_full_draw1,held-out,7.10.6,,,,8OP0,ho_040,scrambled,8OP0,0.2170233130455017,62.6654054054054,77.22739130434782,38.742142857142845,38.742142857142845,23,14
heldout_full_draw1,held-out,7.10.6,,,,8OP0,ho_041,scrambled,8OP0,0.2446753829717636,60.91258064516129,73.81631578947368,40.48166666666666,40.43357142857143,19,12
heldout_full_draw1,held-out,7.10.6,,,,7RUP,ho_042,cognate,7RUP,0.7591277956962585,80.79791666666667,86.015,73.494,68.80125000000001,14,10
heldout_full_draw1,held-out,7.10.6,,,,7RUP,ho_043,decoy,7OKL,0.4780043065547943,71.48692307692308,83.50222222222222,44.4525,42.47666666666667,9,4
heldout_full_draw1,held-out,7.10.6,,,,7RUP,ho_044,decoy,7JZQ,0.6812543869018555,76.2375,85.74066666666664,60.39888888888889,60.174,15,9
heldout_full_draw1,held-out,7.10.6,,,,7RUP,ho_045,decoy,7TZK,0.2600324749946594,65.39034482758622,76.82444444444444,46.68,46.024166666666666,18,11
heldout_full_draw1,held-out,7.10.6,,,,7RUP,ho_046,scrambled,7RUP,0.17651399970054626,69.636,77.14133333333332,47.12,47.826875,15,5
heldout_full_draw1,held-out,7.10.6,,,,7RUP,ho_047,scrambled,7RUP,0.5323096513748169,70.62689655172413,79.71176470588235,57.75666666666667,55.5175,17,12
heldout_full_draw1,held-out,7.10.6,,,,8JJV,ho_048,cognate,8JJV,0.22175195813179016,60.04404761904762,74.8475,30.43714285714285,30.43714285714285,28,14
heldout_full_draw1,held-out,7.10.6,,,,8JJV,ho_049,decoy,7F3S,0.19126924872398376,68.44209302325581,86.44807692307691,40.90352941176471,41.104444444444454,26,17
heldout_full_draw1,held-out,7.10.6,,,,8JJV,ho_050,decoy,8TFU,0.28498196601867676,66.5425,80.730625,38.16625,39.519,16,8
heldout_full_draw1,held-out,7.10.6,,,,8JJV,ho_051,decoy,8HLO,0.3438340425491333,69.97242424242425,80.92409090909089,48.06909090909092,46.26153846153847,22,11
heldout_full_draw1,held-out,7.10.6,,,,8JJV,ho_052,scrambled,8JJV,0.2160269021987915,65.8594117647059,83.56571428571426,37.25692307692307,36.998571428571424,21,13
heldout_full_draw1,held-out,7.10.6,,,,8JJV,ho_053,scrambled,8JJV,0.22597287595272064,65.02488372093025,77.67266666666666,35.837692307692315,35.52928571428572,30,13
heldout_full_draw1,held-out,7.10.6,,,,8PEF,ho_054,cognate,8PEF,0.43925321102142334,75.4005,92.81120000000001,46.382666666666665,44.9064705882353,25,15
heldout_full_draw1,held-out,7.10.6,,,,8PEF,ho_055,decoy,7OKL,0.4784962236881256,80.17809523809522,93.492,46.89333333333334,46.89333333333334,15,6
heldout_full_draw1,held-out,7.10.6,,,,8PEF,ho_056,decoy,7UHE,0.33944422006607056,78.87129032258065,93.49619047619048,48.159000000000006,48.65083333333333,21,10
heldout_full_draw1,held-out,7.10.6,,,,8PEF,ho_057,decoy,9GRF,0.3056083023548126,75.9203125,91.07478260869564,37.19222222222223,36.488,23,9
heldout_full_draw1,held-out,7.10.6,,,,8PEF,ho_058,scrambled,8PEF,0.6209110617637634,79.88166666666666,94.54809523809524,59.34866666666666,59.37764705882353,21,15
heldout_full_draw1,held-out,7.10.6,,,,8PEF,ho_059,scrambled,8PEF,0.24519328773021698,69.40241379310345,89.56882352941179,40.83333333333332,40.67235294117648,17,12
heldout_full_draw1,held-out,7.10.6,,,,7E0B,ho_060,cognate,7E0B,0.9731079936027527,97.46565217391304,98.77125000000001,94.48142857142857,94.48142857142857,16,7
heldout_full_draw1,held-out,7.10.6,,,,7E0B,ho_061,decoy,7XV0,0.9142761826515198,90.98,96.02161290322582,78.9576923076923,71.041,31,13
heldout_full_draw1,held-out,7.10.6,,,,7E0B,ho_062,decoy,8OP0,0.24364785850048065,70.73351351351351,89.56083333333333,35.97538461538461,36.00428571428571,24,13
heldout_full_draw1,held-out,7.10.6,,,,7E0B,ho_063,decoy,8PEF,0.2933581471443176,73.04242424242425,90.97714285714287,41.65666666666667,42.42823529411765,21,12
heldout_full_draw1,held-out,7.10.6,,,,7E0B,ho_064,scrambled,7E0B,0.9771595597267151,97.25666666666666,98.21000000000001,94.94142857142857,94.94142857142857,17,7
heldout_full_draw1,held-out,7.10.6,,,,7E0B,ho_065,scrambled,7E0B,0.6563403010368347,91.30107142857142,95.84666666666666,77.66428571428571,77.66428571428571,21,7
heldout_full_draw1,held-out,7.10.6,,,,7JZQ,ho_066,cognate,7JZQ,0.9482267498970032,95.77785714285714,98.90421052631578,89.17777777777776,88.33399999999999,19,9
heldout_full_draw1,held-out,7.10.6,,,,7JZQ,ho_067,decoy,8JJV,0.29438796639442444,78.66142857142859,89.60263157894735,55.56333333333333,54.955714285714286,19,9
heldout_full_draw1,held-out,7.10.6,,,,7JZQ,ho_068,decoy,8HLO,0.1728614866733551,74.04366666666667,90.67842105263158,45.310909090909085,44.43,19,11
heldout_full_draw1,held-out,7.10.6,,,,7JZQ,ho_069,decoy,7TZK,0.7578983902931213,83.45166666666667,92.33227272727272,59.03,54.635833333333345,22,8
heldout_full_draw1,held-out,7.10.6,,,,7JZQ,ho_070,scrambled,7JZQ,0.5874130129814148,77.01758620689654,91.38399999999999,45.092222222222226,44.829,20,9
heldout_full_draw1,held-out,7.10.6,,,,7JZQ,ho_071,scrambled,7JZQ,0.33898863196372986,79.90714285714286,92.56040000000002,48.274,48.274,25,10
heldout_full_draw1,held-out,7.10.6,,,,7F3S,ho_072,cognate,7F3S,0.16900117695331573,64.81648648648648,83.64227272727274,37.20533333333333,37.16277777777778,22,15
heldout_full_draw1,held-out,7.10.6,,,,7F3S,ho_073,decoy,8X8A,0.7160606980323792,83.7046875,94.68199999999999,65.40916666666665,60.10526315789474,20,12
heldout_full_draw1,held-out,7.10.6,,,,7F3S,ho_074,decoy,8VGC,0.19357630610466003,72.05785714285715,88.33631578947367,37.69222222222223,36.978,19,9
heldout_full_draw1,held-out,7.10.6,,,,7F3S,ho_075,decoy,7JZQ,0.29919448494911194,72.1616,87.72647058823529,39.08625,38.66,17,8
heldout_full_draw1,held-out,7.10.6,,,,7F3S,ho_076,scrambled,7F3S,0.24957071244716644,69.76264705882353,88.16190476190476,40.040769230769236,39.51944444444445,21,13
heldout_full_draw1,held-out,7.10.6,,,,7F3S,ho_077,scrambled,7F3S,0.6555571556091309,78.8639393939394,90.68,60.68538461538461,59.220555555555556,20,13
heldout_full_draw1,held-out,7.10.6,,,,9C66,ho_078,cognate,9C66,0.7547406554222107,92.95055555555555,96.66333333333334,85.52499999999999,81.824,12,6
heldout_full_draw1,held-out,7.10.6,,,,9C66,ho_079,decoy,7TZK,0.8512824177742004,92.36,97.35125000000001,83.48666666666668,84.76833333333333,16,9
heldout_full_draw1,held-out,7.10.6,,,,9C66,ho_080,decoy,9GRF,0.38710451126098633,77.32363636363635,93.8007142857143,48.488749999999996,49.33299999999999,14,8
heldout_full_draw1,held-out,7.10.6,,,,9C66,ho_081,decoy,8PEF,0.2623227834701538,73.87916666666666,93.64863636363636,42.81285714285715,42.07,22,14
heldout_full_draw1,held-out,7.10.6,,,,9C66,ho_082,scrambled,9C66,0.3974120616912842,77.00454545454545,90.99214285714285,52.526250000000005,51.515,14,8
heldout_full_draw1,held-out,7.10.6,,,,9C66,ho_083,scrambled,9C66,0.650920033454895,86.31086956521739,94.92133333333335,70.16624999999999,67.08,15,8
heldout_full_draw1,held-out,7.10.6,,,,8VGC,ho_084,cognate,8VGC,0.7193758487701416,68.69217391304348,79.86071428571428,51.31888888888889,51.999,14,9
heldout_full_draw1,held-out,7.10.6,,,,8VGC,ho_085,decoy,7E0B,0.2974711060523987,65.11315789473684,79.88833333333335,39.784285714285716,39.784285714285716,12,7
heldout_full_draw1,held-out,7.10.6,,,,8VGC,ho_086,decoy,8HLO,0.14250829815864563,67.13,80.15666666666667,45.81363636363636,47.47307692307693,18,11
heldout_full_draw1,held-out,7.10.6,,,,8VGC,ho_087,decoy,7OKL,0.26257020235061646,66.840625,79.40727272727274,39.194,38.085,11,5
heldout_full_draw1,held-out,7.10.6,,,,8VGC,ho_088,scrambled,8VGC,0.32207849621772766,63.51739130434784,79.5330769230769,42.696999999999996,42.696999999999996,13,10
heldout_full_draw1,held-out,7.10.6,,,,8VGC,ho_089,scrambled,8VGC,0.2016359567642212,62.455000000000005,73.152,44.62666666666666,44.986,15,9
heldout_full_draw1,held-out,7.10.6,,,,7UHE,ho_090,cognate,7UHE,0.8404735326766968,88.02617647058821,90.29521739130436,83.2818181818182,81.05583333333334,23,11
heldout_full_draw1,held-out,7.10.6,,,,7UHE,ho_091,decoy,9C66,0.20058491826057434,71.26970588235292,82.25833333333334,44.897000000000006,44.897000000000006,24,10
heldout_full_draw1,held-out,7.10.6,,,,7UHE,ho_092,decoy,9GRF,0.22774946689605713,68.92538461538462,79.86551724137931,37.199,37.199,29,10
heldout_full_draw1,held-out,7.10.6,,,,7UHE,ho_093,decoy,7JZQ,0.6529010534286499,77.42352941176469,85.47541666666666,58.09899999999999,58.09899999999999,24,10
heldout_full_draw1,held-out,7.10.6,,,,7UHE,ho_094,scrambled,7UHE,0.5300920605659485,82.07727272727271,85.56958333333334,72.76444444444445,71.32249999999999,24,9
heldout_full_draw1,held-out,7.10.6,,,,7UHE,ho_095,scrambled,7UHE,0.16065189242362976,65.89857142857143,79.60608695652174,39.62583333333334,39.62583333333334,23,12
heldout_full_draw1,held-out,7.10.6,,,,7PVX,ho_096,cognate,7PVX,0.7465992569923401,86.30892857142855,88.39315789473683,81.9088888888889,81.79083333333334,19,9
heldout_full_draw1,held-out,7.10.6,,,,7PVX,ho_097,decoy,7S7J,0.516745924949646,81.172,85.84562500000001,75.8307142857143,76.92260869565216,16,14
heldout_full_draw1,held-out,7.10.6,,,,7PVX,ho_098,decoy,8OP0,0.6609755754470825,80.35521739130435,83.34153846153846,76.47299999999998,72.57428571428571,13,10
heldout_full_draw1,held-out,7.10.6,,,,7PVX,ho_099,decoy,8VGC,0.4204731285572052,69.18,80.10866666666668,50.965555555555554,51.124,15,9
heldout_full_draw1,held-out,7.10.6,,,,7PVX,ho_100,scrambled,7PVX,0.4452870190143585,73.91833333333334,81.11357142857142,63.84499999999999,63.50916666666666,14,10
heldout_full_draw1,held-out,7.10.6,,,,7PVX,ho_101,scrambled,7PVX,0.3885279893875122,72.2686956521739,84.03928571428571,53.95888888888888,54.60666666666666,14,9
heldout_full_draw1,held-out,7.10.6,,,,7TZK,ho_102,cognate,7TZK,0.5183851718902588,85.1323076923077,93.03266666666669,74.35909090909092,74.30916666666668,15,11
heldout_full_draw1,held-out,7.10.6,,,,7TZK,ho_103,decoy,7E0B,0.2624956965446472,75.10473684210527,85.70769230769231,52.13166666666667,53.050000000000004,13,6
heldout_full_draw1,held-out,7.10.6,,,,7TZK,ho_104,decoy,8X8A,0.14460989832878113,64.22363636363636,78.33950000000002,42.50692307692307,43.53842105263158,20,13
heldout_full_draw1,held-out,7.10.6,,,,7TZK,ho_105,decoy,8KDX,0.24936309456825256,67.2241935483871,80.40611111111112,48.97230769230768,48.912,18,13
heldout_full_draw1,held-out,7.10.6,,,,7TZK,ho_106,scrambled,7TZK,0.6232538819313049,77.14291666666666,89.7992857142857,59.424,59.660000000000004,14,10
heldout_full_draw1,held-out,7.10.6,,,,7TZK,ho_107,scrambled,7TZK,0.6573339104652405,71.855,85.61357142857143,52.592999999999996,52.218333333333334,14,10
heldout_full_draw1,held-out,7.10.6,,,,8YTG,ho_108,cognate,8YTG,0.9330594539642334,80.65928571428573,81.1945,79.32124999999999,79.32124999999999,20,8
heldout_full_draw1,held-out,7.10.6,,,,8YTG,ho_109,decoy,7JZQ,0.46633437275886536,71.75793103448277,85.21000000000001,46.199,46.199,19,10
heldout_full_draw1,held-out,7.10.6,,,,8YTG,ho_110,decoy,7PVX,0.17645646631717682,58.73774193548386,73.11947368421053,35.96666666666667,35.96666666666667,19,12
heldout_full_draw1,held-out,7.10.6,,,,8YTG,ho_111,decoy,7F3S,0.11888309568166733,56.46434782608696,68.60724137931034,35.75,36.73222222222222,29,17
heldout_full_draw1,held-out,7.10.6,,,,8YTG,ho_112,scrambled,8YTG,0.23247136175632477,63.306363636363635,75.33333333333331,37.534285714285716,36.691250000000004,15,7
heldout_full_draw1,held-out,7.10.6,,,,8YTG,ho_113,scrambled,8YTG,0.3320782482624054,67.33407407407407,78.82578947368421,40.041250000000005,40.041250000000005,19,8
heldout_full_draw1,held-out,7.10.6,,,,8TFU,ho_114,cognate,8TFU,0.6774013638496399,73.23956521739132,80.4725,56.707142857142856,58.188999999999986,16,7
heldout_full_draw1,held-out,7.10.6,,,,8TFU,ho_115,decoy,7XV0,0.3169102072715759,64.70423076923076,72.42214285714286,55.69999999999999,57.0735,14,12
heldout_full_draw1,held-out,7.10.6,,,,8TFU,ho_116,decoy,8YTG,0.3009657859802246,69.2325,81.4676923076923,46.51,44.90875,13,7
heldout_full_draw1,held-out,7.10.6,,,,8TFU,ho_117,decoy,7RUP,0.17751629650592804,61.89342857142857,70.91608695652174,44.6,43.158125,23,12
heldout_full_draw1,held-out,7.10.6,,,,8TFU,ho_118,scrambled,8TFU,0.706093966960907,73.99466666666667,82.19111111111111,61.699999999999996,64.954,9,6
heldout_full_draw1,held-out,7.10.6,,,,8TFU,ho_119,scrambled,8TFU,0.4148751199245453,67.60529411764708,78.375,52.220000000000006,53.065,10,7
heldout_full_draw1,held-out,7.10.6,,,,7XV0,ho_120,cognate,7XV0,0.16043078899383545,67.59725,88.01280000000001,33.57133333333333,33.212999999999994,25,15
heldout_full_draw1,held-out,7.10.6,,,,7XV0,ho_121,decoy,8X8A,0.19940997660160065,71.67451612903226,90.01052631578946,42.642500000000005,42.73105263157894,19,12
heldout_full_draw1,held-out,7.10.6,,,,7XV0,ho_122,decoy,8HLO,0.11822925508022308,73.32903225806453,92.81700000000001,37.89636363636364,38.49538461538462,20,11
heldout_full_draw1,held-out,7.10.6,,,,7XV0,ho_123,decoy,7RUP,0.08307503163814545,69.3196875,96.715,34.097142857142856,34.079375,18,14
heldout_full_draw1,held-out,7.10.6,,,,7XV0,ho_124,scrambled,7XV0,0.7704982161521912,84.90756097560977,94.13192307692307,68.91866666666667,66.9305,26,15
heldout_full_draw1,held-out,7.10.6,,,,7XV0,ho_125,scrambled,7XV0,0.3958686292171478,72.67515151515153,91.21249999999999,44.15615384615384,43.579499999999996,20,13
heldout_full_draw1,held-out,7.10.6,,,,8X8A,ho_126,cognate,8X8A,0.8930990695953369,85.41294117647058,94.1135,72.98357142857144,70.01631578947367,20,14
heldout_full_draw1,held-out,7.10.6,,,,8X8A,ho_127,decoy,8TFU,0.27138784527778625,71.374,88.26307692307691,40.00857142857143,37.819,13,7
heldout_full_draw1,held-out,7.10.6,,,,8X8A,ho_128,decoy,7E0B,0.3338402211666107,74.96590909090911,90.462,41.760000000000005,41.760000000000005,15,7
heldout_full_draw1,held-out,7.10.6,,,,8X8A,ho_129,decoy,7S7J,0.5020399689674377,74.724,87.69647058823529,57.76,59.32217391304348,17,13
heldout_full_draw1,held-out,7.10.6,,,,8X8A,ho_130,scrambled,8X8A,0.7635515332221985,75.52933333333333,86.91,60.64692307692308,58.5942105263158,17,13
heldout_full_draw1,held-out,7.10.6,,,,8X8A,ho_131,scrambled,8X8A,0.36921393871307373,66.01875,82.06208333333333,41.95375,42.04,24,16
heldout_full_draw2,held-out,7.10.6,,,,9F6S,ho_000,cognate,9F6S,0.9110153913497925,89.36260869565218,93.29058823529411,78.23333333333333,78.23333333333333,17,6
heldout_full_draw2,held-out,7.10.6,,,,9F6S,ho_001,decoy,9C66,0.1664608120918274,69.97359999999999,82.53117647058824,43.28875,43.622,17,8
heldout_full_draw2,held-out,7.10.6,,,,9F6S,ho_002,decoy,8VGC,0.22415241599082947,67.42333333333333,81.04391304347826,36.096,36.096,23,10
heldout_full_draw2,held-out,7.10.6,,,,9F6S,ho_003,decoy,9GRF,0.1886414885520935,69.14,81.4347619047619,36.866249999999994,34.664,21,8
heldout_full_draw2,held-out,7.10.6,,,,9F6S,ho_004,scrambled,9F6S,0.9255244135856628,91.43666666666668,93.88499999999999,84.09166666666668,84.09166666666668,18,6
heldout_full_draw2,held-out,7.10.6,,,,9F6S,ho_005,scrambled,9F6S,0.8548091053962708,81.145,85.35666666666665,68.51,68.51,18,6
heldout_full_draw2,held-out,7.10.6,,,,8KDX,ho_006,cognate,8KDX,0.3502635657787323,73.84200000000001,86.93105263157895,51.23363636363636,50.54933333333333,19,11
heldout_full_draw2,held-out,7.10.6,,,,8KDX,ho_007,decoy,7E0B,0.20378202199935913,73.63210526315791,86.11,46.59666666666667,47.40428571428571,13,6
heldout_full_draw2,held-out,7.10.6,,,,8KDX,ho_008,decoy,7OKL,0.254310667514801,78.12,86.78,46.36666666666667,44.085,11,3
heldout_full_draw2,held-out,7.10.6,,,,8KDX,ho_009,decoy,8HLO,0.46207037568092346,79.6292,89.41200000000002,64.95500000000001,65.8146153846154,15,10
heldout_full_draw2,held-out,7.10.6,,,,8KDX,ho_010,scrambled,8KDX,0.6939248442649841,84.23882352941177,92.07285714285715,71.58384615384615,71.47133333333333,21,13
heldout_full_draw2,held-out,7.10.6,,,,8KDX,ho_011,scrambled,8KDX,0.25691279768943787,71.17107142857142,85.30588235294118,49.32636363636363,50.064,17,11
heldout_full_draw2,held-out,7.10.6,,,,9GRF,ho_012,cognate,9GRF,0.14173480868339539,69.32736842105263,88.17166666666667,37.02285714285714,34.956,12,7
heldout_full_draw2,held-out,7.10.6,,,,9GRF,ho_013,decoy,7S7J,0.06815479695796967,68.43826086956523,84.58615384615383,47.446000000000005,51.37913043478261,13,10
heldout_full_draw2,held-out,7.10.6,,,,9GRF,ho_014,decoy,9C66,0.8138631582260132,92.35230769230769,95.52875,87.27,85.37,8,5
heldout_full_draw2,held-out,7.10.6,,,,9GRF,ho_015,decoy,9F6S,0.2732074558734894,73.013125,87.93181818181817,40.192,39.848333333333336,11,5
heldout_full_draw2,held-out,7.10.6,,,,9GRF,ho_016,scrambled,9GRF,0.7135733366012573,80.53999999999999,90.12384615384615,62.74142857142857,61.637,13,7
heldout_full_draw2,held-out,7.10.6,,,,9GRF,ho_017,scrambled,9GRF,0.3473760485649109,75.41842105263157,88.3746153846154,47.346666666666664,41.823,13,6
heldout_full_draw2,held-out,7.10.6,,,,7S7J,ho_018,cognate,7S7J,0.8526793122291565,91.986875,95.52,86.82307692307693,83.37652173913044,19,13
heldout_full_draw2,held-out,7.10.6,,,,7S7J,ho_019,decoy,8YTG,0.34719187021255493,75.94909090909091,90.01733333333331,45.80285714285714,45.272499999999994,15,7
heldout_full_draw2,held-out,7.10.6,,,,7S7J,ho_020,decoy,7E0B,0.2423080950975418,75.88041666666668,88.40055555555556,38.32,38.50857142857143,18,6
heldout_full_draw2,held-out,7.10.6,,,,7S7J,ho_021,decoy,8HLO,0.32229378819465637,76.0124,90.35588235294118,45.5325,44.88,17,8
heldout_full_draw2,held-out,7.10.6,,,,7S7J,ho_022,scrambled,7S7J,0.15228813886642456,64.62500000000001,84.50083333333333,38.12388888888889,38.74826086956521,24,18
heldout_full_draw2,held-out,7.10.6,,,,7S7J,ho_023,scrambled,7S7J,0.6313166618347168,76.11477272727272,86.15892857142858,58.537499999999994,61.314782608695666,28,16
heldout_full_draw2,held-out,7.10.6,,,,8HLO,ho_024,cognate,8HLO,0.8978830575942993,93.17916666666666,96.57733333333333,87.51555555555555,87.52615384615385,15,9
heldout_full_draw2,held-out,7.10.6,,,,8HLO,ho_025,decoy,7PVX,0.6765786409378052,85.444,93.91133333333333,72.74300000000001,75.635,15,10
heldout_full_draw2,held-out,7.10.6,,,,8HLO,ho_026,decoy,8TFU,0.08408529311418533,77.1625,92.88571428571427,40.474999999999994,42.291,14,6
heldout_full_draw2,held-out,7.10.6,,,,8HLO,ho_027,decoy,7JZQ,0.34508058428764343,73.63444444444445,90.10823529411765,45.629,45.629,17,10
heldout_full_draw2,held-out,7.10.6,,,,8HLO,ho_028,scrambled,8HLO,0.7106325626373291,82.16285714285716,91.39642857142857,63.69571428571429,59.77076923076924,14,7
heldout_full_draw2,held-out,7.10.6,,,,8HLO,ho_029,scrambled,8HLO,0.2565552592277527,70.79736842105264,87.33099999999999,52.42666666666666,53.18769230769231,10,9
heldout_full_draw2,held-out,7.10.6,,,,7OKL,ho_030,cognate,7OKL,0.6149724125862122,94.32733333333333,97.98818181818181,84.25999999999999,83.75166666666667,11,4
heldout_full_draw2,held-out,7.10.6,,,,7OKL,ho_031,decoy,7F3S,0.20436036586761475,77.6038775510204,96.32451612903226,45.36277777777778,45.36277777777778,31,18
heldout_full_draw2,held-out,7.10.6,,,,7OKL,ho_032,decoy,7S7J,0.11894093453884125,68.81657142857142,85.19666666666666,51.472941176470584,54.408695652173904,18,17
heldout_full_draw2,held-out,7.10.6,,,,7OKL,ho_033,decoy,8KDX,0.10591305047273636,75.73117647058822,95.47857142857144,43.83153846153846,43.30733333333333,21,13
heldout_full_draw2,held-out,7.10.6,,,,7OKL,ho_034,scrambled,7OKL,0.2634213864803314,73.12933333333332,91.411,36.566,37.97166666666667,10,5
heldout_full_draw2,held-out,7.10.6,,,,7OKL,ho_035,scrambled,7OKL,0.5256234407424927,89.25764705882352,96.38272727272728,76.19500000000001,76.19500000000001,11,6
heldout_full_draw2,held-out,7.10.6,,,,8OP0,ho_036,cognate,8OP0,0.26602426171302795,58.907812500000006,71.78947368421052,40.08076923076923,39.56714285714286,19,13
heldout_full_draw2,held-out,7.10.6,,,,8OP0,ho_037,decoy,8YTG,0.3366771340370178,68.27931034482759,77.12904761904763,45.04875,45.04875,21,8
heldout_full_draw2,held-out,7.10.6,,,,8OP0,ho_038,decoy,8VGC,0.7679204344749451,79.82777777777777,84.42444444444443,70.63444444444444,68.844,18,9
heldout_full_draw2,held-out,7.10.6,,,,8OP0,ho_039,decoy,7S7J,0.20951096713542938,60.58340909090909,69.09153846153846,48.293888888888894,50.106521739130436,26,18
heldout_full_draw2,held-out,7.10.6,,,,8OP0,ho_040,scrambled,8OP0,0.19008347392082214,64.99636363636364,76.80064516129035,36.847692307692306,37.519999999999996,31,13
heldout_full_draw2,held-out,7.10.6,,,,8OP0,ho_041,scrambled,8OP0,0.3125751316547394,61.79921052631579,72.64666666666666,43.20357142857143,43.20357142857143,24,14
heldout_full_draw2,held-out,7.10.6,,,,7RUP,ho_042,cognate,7RUP,0.753903329372406,76.15794117647059,81.68800000000002,68.25785714285713,67.22749999999999,20,14
heldout_full_draw2,held-out,7.10.6,,,,7RUP,ho_043,decoy,7OKL,0.5425285696983337,69.02066666666668,81.88900000000001,43.284,42.585,10,5
heldout_full_draw2,held-out,7.10.6,,,,7RUP,ho_044,decoy,7JZQ,0.611002504825592,73.625,84.92,54.8,54.628,15,9
heldout_full_draw2,held-out,7.10.6,,,,7RUP,ho_045,decoy,7TZK,0.3550443947315216,68.1028,80.76642857142856,51.98545454545455,51.380833333333335,14,11
heldout_full_draw2,held-out,7.10.6,,,,7RUP,ho_046,scrambled,7RUP,0.20598146319389343,64.04625,77.62857142857145,45.03099999999999,48.8425,14,10
heldout_full_draw2,held-out,7.10.6,,,,7RUP,ho_047,scrambled,7RUP,0.6809417605400085,72.48548387096774,80.93166666666667,60.79076923076923,59.355625,18,13
heldout_full_draw2,held-out,7.10.6,,,,8JJV,ho_048,cognate,8JJV,0.24806006252765656,63.52162162162163,73.71,42.29583333333333,41.25428571428571,25,12
heldout_full_draw2,held-out,7.10.6,,,,8JJV,ho_049,decoy,7F3S,0.19123363494873047,66.18978723404254,81.23275862068964,41.95388888888889,41.95388888888889,29,18
heldout_full_draw2,held-out,7.10.6,,,,8JJV,ho_050,decoy,8TFU,0.2630455493927002,64.88416666666667,79.266875,36.11875,37.755,16,8
heldout_full_draw2,held-out,7.10.6,,,,8JJV,ho_051,decoy,8HLO,0.2916048467159271,67.76833333333335,79.85000000000001,43.605,43.150000000000006,24,12
heldout_full_draw2,held-out,7.10.6,,,,8JJV,ho_052,scrambled,8JJV,0.300554484128952,68.31914285714285,82.71,40.73666666666666,41.44642857142857,23,12
heldout_full_draw2,held-out,7.10.6,,,,8JJV,ho_053,scrambled,8JJV,0.19705499708652496,60.32297297297297,74.0212,31.784999999999997,31.08285714285714,25,12
heldout_full_draw2,held-out,7.10.6,,,,8PEF,ho_054,cognate,8PEF,0.20060667395591736,66.495,90.23388888888888,35.97357142857143,35.22,18,14
heldout_full_draw2,held-out,7.10.6,,,,8PEF,ho_055,decoy,7OKL,0.3586375415325165,82.02269230769231,94.5845,40.150000000000006,40.150000000000006,20,6
heldout_full_draw2,held-out,7.10.6,,,,8PEF,ho_056,decoy,7UHE,0.4197390675544739,82.43666666666668,94.1686956521739,55.452999999999996,55.654999999999994,23,10
heldout_full_draw2,held-out,7.10.6,,,,8PEF,ho_057,decoy,9GRF,0.2770695388317108,76.46694444444444,91.13846153846154,38.321,38.321,26,10
heldout_full_draw2,held-out,7.10.6,,,,8PEF,ho_058,scrambled,8PEF,0.6723406910896301,85.83111111111111,94.98791666666666,67.5175,63.77882352941177,24,12
heldout_full_draw2,held-out,7.10.6,,,,8PEF,ho_059,scrambled,8PEF,0.2730567753314972,70.74054054054054,90.81333333333333,44.394999999999996,43.94764705882353,21,16
heldout_full_draw2,held-out,7.10.6,,,,7E0B,ho_060,cognate,7E0B,0.9742352366447449,97.5313043478261,98.78875000000001,94.65714285714286,94.65714285714286,16,7
heldout_full_draw2,held-out,7.10.6,,,,7E0B,ho_061,decoy,7XV0,0.903059184551239,87.00851063829788,96.35566666666666,70.51352941176471,67.27449999999999,30,17
heldout_full_draw2,held-out,7.10.6,,,,7E0B,ho_062,decoy,8OP0,0.2465532124042511,70.42285714285715,90.32136363636363,36.74846153846154,36.92428571428571,22,13
heldout_full_draw2,held-out,7.10.6,,,,7E0B,ho_063,decoy,8PEF,0.13359226286411285,72.97372093023256,93.24249999999999,35.13866666666667,35.99411764705882,28,15
heldout_full_draw2,held-out,7.10.6,,,,7E0B,ho_064,scrambled,7E0B,0.977648138999939,97.1825,98.19882352941175,94.71428571428571,94.71428571428571,17,7
heldout_full_draw2,held-out,7.10.6,,,,7E0B,ho_065,scrambled,7E0B,0.5691316723823547,90.30642857142855,95.82999999999998,73.73571428571428,73.73571428571428,21,7
heldout_full_draw2,held-out,7.10.6,,,,7JZQ,ho_066,cognate,7JZQ,0.9491127133369446,95.94642857142857,98.90578947368421,89.69888888888889,88.83500000000001,19,9
heldout_full_draw2,held-out,7.10.6,,,,7JZQ,ho_067,decoy,8JJV,0.23585514724254608,76.38857142857144,88.80842105263159,50.16888888888889,46.67285714285714,19,9
heldout_full_draw2,held-out,7.10.6,,,,7JZQ,ho_068,decoy,8HLO,0.1519807130098343,78.42071428571428,90.8885,47.25125,45.666923076923084,20,8
heldout_full_draw2,held-out,7.10.6,,,,7JZQ,ho_069,decoy,7TZK,0.8427287936210632,83.40516129032258,92.64363636363638,60.82222222222223,57.70916666666667,22,9
heldout_full_draw2,held-out,7.10.6,,,,7JZQ,ho_070,scrambled,7JZQ,0.6149391531944275,78.57142857142856,91.4765,46.30875,46.873,20,8
heldout_full_draw2,held-out,7.10.6,,,,7JZQ,ho_071,scrambled,7JZQ,0.2612362504005432,78.34555555555555,91.49538461538461,44.156,44.156,26,10
heldout_full_draw2,held-out,7.10.6,,,,7F3S,ho_072,cognate,7F3S,0.17959211766719818,66.78659090909092,84.37714285714286,36.003125,36.26777777777778,28,16
heldout_full_draw2,held-out,7.10.6,,,,7F3S,ho_073,decoy,8X8A,0.7771949768066406,83.2958620689655,95.18058823529411,66.45916666666666,62.561578947368425,17,12
heldout_full_draw2,held-out,7.10.6,,,,7F3S,ho_074,decoy,8VGC,0.40379753708839417,77.27466666666668,89.88809523809525,47.843333333333334,46.545,21,9
heldout_full_draw2,held-out,7.10.6,,,,7F3S,ho_075,decoy,7JZQ,0.2989662289619446,73.09272727272727,87.93266666666666,41.292857142857144,39.516,15,7
heldout_full_draw2,held-out,7.10.6,,,,7F3S,ho_076,scrambled,7F3S,0.20608316361904144,68.55720930232559,87.16884615384615,40.092352941176465,40.239444444444445,26,17
heldout_full_draw2,held-out,7.10.6,,,,7F3S,ho_077,scrambled,7F3S,0.6661093831062317,76.76823529411766,89.98842105263158,60.02266666666665,60.03444444444444,19,15
heldout_full_draw2,held-out,7.10.6,,,,9C66,ho_078,cognate,9C66,0.8218698501586914,94.23666666666666,97.18333333333334,88.34333333333332,83.964,12,6
heldout_full_draw2,held-out,7.10.6,,,,9C66,ho_079,decoy,7TZK,0.8802003860473633,95.29863636363638,97.48285714285714,91.47625,85.61416666666668,14,8
heldout_full_draw2,held-out,7.10.6,,,,9C66,ho_080,decoy,9GRF,0.44139790534973145,80.1526923076923,93.83555555555556,49.36625,49.906000000000006,18,8
heldout_full_draw2,held-out,7.10.6,,,,9C66,ho_081,decoy,8PEF,0.20482473075389862,75.8320512820513,94.22,42.996428571428574,42.24823529411765,25,14
heldout_full_draw2,held-out,7.10.6,,,,9C66,ho_082,scrambled,9C66,0.35369929671287537,77.20649999999999,90.86846153846153,51.83428571428572,49.891000000000005,13,7
heldout_full_draw2,held-out,7.10.6,,,,9C66,ho_083,scrambled,9C66,0.6909382343292236,89.783,95.22714285714287,77.08,67.982,14,6
heldout_full_draw2,held-out,7.10.6,,,,8VGC,ho_084,cognate,8VGC,0.7324971556663513,67.5625,83.15,51.975,51.975,10,10
heldout_full_draw2,held-out,7.10.6,,,,8VGC,ho_085,decoy,7E0B,0.266481876373291,63.37599999999999,76.14923076923077,39.65428571428571,39.65428571428571,13,7
heldout_full_draw2,held-out,7.10.6,,,,8VGC,ho_086,decoy,8HLO,0.1368529349565506,68.8,80.710625,44.978750000000005,46.14153846153847,16,8
heldout_full_draw2,held-out,7.10.6,,,,8VGC,ho_087,decoy,7OKL,0.3214893043041229,66.38952380952381,76.86866666666666,40.19166666666666,40.19166666666666,15,6
heldout_full_draw2,held-out,7.10.6,,,,8VGC,ho_088,scrambled,8VGC,0.4398540258407593,64.07407407407408,73.50944444444445,45.20333333333333,43.969,18,9
heldout_full_draw2,held-out,7.10.6,,,,8VGC,ho_089,scrambled,8VGC,0.15747691690921783,62.0968,73.808,44.53,44.53,15,10
heldout_full_draw2,held-out,7.10.6,,,,7UHE,ho_090,cognate,7UHE,0.7874488234519958,86.82,90.12727272727271,80.75666666666666,80.75666666666666,22,12
heldout_full_draw2,held-out,7.10.6,,,,7UHE,ho_091,decoy,9C66,0.16269095242023468,72.81354838709677,82.83652173913043,43.9975,42.617000000000004,23,8
heldout_full_draw2,held-out,7.10.6,,,,7UHE,ho_092,decoy,9GRF,0.30058950185775757,66.56307692307692,76.43241379310346,37.94199999999999,37.94199999999999,29,10
heldout_full_draw2,held-out,7.10.6,,,,7UHE,ho_093,decoy,7JZQ,0.7512423992156982,80.49194444444444,86.54384615384615,64.757,64.757,26,10
heldout_full_draw2,held-out,7.10.6,,,,7UHE,ho_094,scrambled,7UHE,0.185566708445549,71.23837837837837,79.74259259259259,48.277,48.15666666666667,27,10
heldout_full_draw2,held-out,7.10.6,,,,7UHE,ho_095,scrambled,7UHE,0.14942128956317902,67.7051282051282,80.17370370370371,39.65083333333334,39.65083333333334,27,12
heldout_full_draw2,held-out,7.10.6,,,,7PVX,ho_096,cognate,7PVX,0.8251204490661621,88.21862068965518,88.90105263157896,86.922,85.87833333333333,19,10
heldout_full_draw2,held-out,7.10.6,,,,7PVX,ho_097,decoy,7S7J,0.6635960936546326,82.9609090909091,88.365,76.47600000000001,78.28347826086956,18,15
heldout_full_draw2,held-out,7.10.6,,,,7PVX,ho_098,decoy,8OP0,0.6761292815208435,79.42782608695651,83.60846153846154,73.993,72.72642857142857,13,10
heldout_full_draw2,held-out,7.10.6,,,,7PVX,ho_099,decoy,8VGC,0.5277604460716248,69.53136363636364,79.86692307692307,54.602222222222224,54.747,13,9
heldout_full_draw2,held-out,7.10.6,,,,7PVX,ho_100,scrambled,7PVX,0.5735664963722229,75.25379310344827,83.20764705882353,63.98583333333334,63.98583333333334,17,12
heldout_full_draw2,held-out,7.10.6,,,,7PVX,ho_101,scrambled,7PVX,0.22672796249389648,68.37695652173913,81.43357142857143,48.06666666666666,49.14666666666667,14,9
heldout_full_draw2,held-out,7.10.6,,,,7TZK,ho_102,cognate,7TZK,0.4278964102268219,83.16545454545452,93.44909090909091,72.88181818181819,72.22583333333334,11,11
heldout_full_draw2,held-out,7.10.6,,,,7TZK,ho_103,decoy,7E0B,0.2524501085281372,73.09111111111112,86.41363636363637,52.15571428571429,52.15571428571429,11,7
heldout_full_draw2,held-out,7.10.6,,,,7TZK,ho_104,decoy,8X8A,0.1600465476512909,65.6248717948718,82.3309090909091,44.005294117647054,43.70894736842106,22,17
heldout_full_draw2,held-out,7.10.6,,,,7TZK,ho_105,decoy,8KDX,0.18927563726902008,67.48666666666666,80.94,47.30666666666668,47.33200000000001,18,12
heldout_full_draw2,held-out,7.10.6,,,,7TZK,ho_106,scrambled,7TZK,0.5290768146514893,77.8244,89.83125000000001,56.478888888888896,58.47666666666668,16,9
heldout_full_draw2,held-out,7.10.6,,,,7TZK,ho_107,scrambled,7TZK,0.14894533157348633,68.52739130434784,81.84866666666667,43.55,42.835,15,8
heldout_full_draw2,held-out,7.10.6,,,,8YTG,ho_108,cognate,8YTG,0.9512690305709839,83.90400000000001,85.1864705882353,81.17875000000001,81.17875000000001,17,8
heldout_full_draw2,held-out,7.10.6,,,,8YTG,ho_109,decoy,7JZQ,0.19617001712322235,63.13382352941177,75.40958333333334,33.672000000000004,33.672000000000004,24,10
heldout_full_draw2,held-out,7.10.6,,,,8YTG,ho_110,decoy,7PVX,0.15683510899543762,60.21606060606061,72.14272727272727,36.36272727272728,37.012499999999996,22,11
heldout_full_draw2,held-out,7.10.6,,,,8YTG,ho_111,decoy,7F3S,0.15290188789367676,60.50176470588235,75.01142857142857,37.06307692307692,41.03555555555555,21,13
heldout_full_draw2,held-out,7.10.6,,,,8YTG,ho_112,scrambled,8YTG,0.23981571197509766,65.96454545454546,78.43000000000002,39.25285714285714,38.475,15,7
heldout_full_draw2,held-out,7.10.6,,,,8YTG,ho_113,scrambled,8YTG,0.2255518138408661,66.85066666666665,76.97590909090911,39.00625,39.00625,22,8
heldout_full_draw2,held-out,7.10.6,,,,8TFU,ho_114,cognate,8TFU,0.6750817894935608,66.81342857142856,69.08760000000001,61.128,61.128,25,10
heldout_full_draw2,held-out,7.10.6,,,,8TFU,ho_115,decoy,7XV0,0.33096566796302795,68.14095238095238,78.7,58.541818181818186,57.912,10,11
heldout_full_draw2,held-out,7.10.6,,,,8TFU,ho_116,decoy,8YTG,0.12292332202196121,71.62304347826088,85.25066666666666,46.07125,46.07125,15,8
heldout_full_draw2,held-out,7.10.6,,,,8TFU,ho_117,decoy,7RUP,0.11755553632974625,59.11219512195122,69.28615384615384,41.47733333333334,42.44,26,15
heldout_full_draw2,held-out,7.10.6,,,,8TFU,ho_118,scrambled,8TFU,0.5329695343971252,72.44736842105263,80.58999999999999,58.488571428571426,61.12399999999999,12,7
heldout_full_draw2,held-out,7.10.6,,,,8TFU,ho_119,scrambled,8TFU,0.7486503720283508,64.3175,67.8175,57.317499999999995,57.842000000000006,16,8
heldout_full_draw2,held-out,7.10.6,,,,7XV0,ho_120,cognate,7XV0,0.2231641709804535,69.25279069767441,88.72148148148148,36.399375,36.6455,27,16
heldout_full_draw2,held-out,7.10.6,,,,7XV0,ho_121,decoy,8X8A,0.12292006611824036,71.47633333333334,93.09833333333334,39.04333333333332,38.177894736842106,18,12
heldout_full_draw2,held-out,7.10.6,,,,7XV0,ho_122,decoy,8HLO,0.10797309875488281,75.61653846153845,96.12352941176471,36.8811111111111,38.7876923076923,17,9
heldout_full_draw2,held-out,7.10.6,,,,7XV0,ho_123,decoy,7RUP,0.12584063410758972,74.2609090909091,96.49666666666667,35.348333333333336,35.061875,21,12
heldout_full_draw2,held-out,7.10.6,,,,7XV0,ho_124,scrambled,7XV0,0.5375685095787048,80.11473684210527,91.5212,58.17923076923076,55.6245,25,13
heldout_full_draw2,held-out,7.10.6,,,,7XV0,ho_125,scrambled,7XV0,0.4344836175441742,71.5845238095238,89.78038461538463,42.01625,41.121500000000005,26,16
heldout_full_draw2,held-out,7.10.6,,,,8X8A,ho_126,cognate,8X8A,0.898449182510376,84.32264705882353,93.91,72.17866666666666,69.28947368421052,19,15
heldout_full_draw2,held-out,7.10.6,,,,8X8A,ho_127,decoy,8TFU,0.6475048661231995,73.83699999999999,88.0245,45.462,45.462,20,10
heldout_full_draw2,held-out,7.10.6,,,,8X8A,ho_128,decoy,7E0B,0.3316105902194977,73.32823529411765,90.00545454545453,42.75333333333333,40.90428571428571,11,6
heldout_full_draw2,held-out,7.10.6,,,,8X8A,ho_129,decoy,7S7J,0.3258354365825653,73.82121951219511,86.35692307692307,52.092666666666666,52.637826086956515,26,15
heldout_full_draw2,held-out,7.10.6,,,,8X8A,ho_130,scrambled,8X8A,0.8499229550361633,77.62241379310345,86.97235294117647,64.37666666666668,62.83052631578946,17,12
heldout_full_draw2,held-out,7.10.6,,,,8X8A,ho_131,scrambled,8X8A,0.2738049030303955,63.1746511627907,80.32625,41.509473684210526,41.509473684210526,24,19
decaf_replicates,in-training,7.5,,,,1YCR,,cognate,,0.785119891166687,82.04692307692308,84.12846153846155,77.88384615384615,78.44333333333336,26,13
decaf_replicates,in-training,7.5,,,,1YCR,,decoy,,0.22902178764343262,62.76682926829268,72.60379310344827,38.99416666666667,38.656,29,12
decaf_replicates,in-training,7.5,,,,1YCR,,decoy,,0.2550561726093292,68.08833333333332,78.2868,44.91,45.7525,25,11
decaf_replicates,in-training,7.5,,,,1YCR,,decoy,,0.15971194207668304,74.64299999999999,82.343125,43.8425,43.302,16,4
decaf_replicates,in-training,7.5,,,,1YCR,,scrambled,,0.4454907476902008,76.45307692307692,82.84526315789473,59.10285714285714,56.723333333333336,19,7
decaf_replicates,in-training,7.5,,,,1YCR,,scrambled,,0.6376716494560242,70.92655172413792,75.89888888888889,62.790000000000006,65.82866666666668,18,11
decaf_replicates,in-training,7.5,,,,9F6S,,cognate,,0.8860875368118286,84.47285714285714,87.97866666666665,75.70833333333333,75.70833333333333,15,6
decaf_replicates,in-training,7.5,,,,9F6S,,decoy,,0.16206496953964233,66.338,76.53884615384615,36.86888888888889,37.00909090909091,26,9
decaf_replicates,in-training,7.5,,,,9F6S,,decoy,,0.8199567198753357,80.8348,87.31058823529412,67.07375,67.07375,17,8
decaf_replicates,in-training,7.5,,,,9F6S,,decoy,,0.9179027080535889,87.81428571428572,89.1525,83.53200000000001,83.53200000000001,16,5
decaf_replicates,in-training,7.5,,,,9F6S,,scrambled,,0.7688748836517334,81.29190476190476,85.02466666666668,71.96,71.96,15,6
decaf_replicates,in-training,7.5,,,,9F6S,,scrambled,,0.779634952545166,81.32136363636363,85.790625,69.40333333333334,69.40333333333334,16,6
decaf_replicates,in-training,7.5,,,,8KDX,,cognate,,0.13491587340831757,61.0888,71.23933333333333,45.863,47.779333333333334,15,10
decaf_replicates,in-training,7.5,,,,8KDX,,decoy,,0.19454999268054962,65.23935483870967,68.67117647058824,61.07214285714285,63.04434782608695,17,14
decaf_replicates,in-training,7.5,,,,8KDX,,decoy,,0.14751099050045013,61.7378947368421,68.18714285714286,43.67999999999999,43.10333333333333,14,5
decaf_replicates,in-training,7.5,,,,8KDX,,decoy,,0.500105082988739,68.58392857142857,70.65052631578948,64.22111111111111,63.81699999999999,19,9
decaf_replicates,in-training,7.5,,,,8KDX,,scrambled,,0.1520514041185379,58.19750000000001,64.35235294117648,48.68545454545454,51.754666666666665,17,11
decaf_replicates,in-training,7.5,,,,8KDX,,scrambled,,0.1844073086977005,60.64454545454545,69.708,46.700769230769225,47.03133333333333,20,13
decaf_replicates,in-training,7.5,,,,6YOO,,cognate,,0.8803330659866333,88.62833333333333,95.71785714285714,78.70299999999999,77.75833333333331,14,10
decaf_replicates,in-training,7.5,,,,6YOO,,decoy,,0.37359708547592163,79.83041666666666,89.46812499999999,60.555,58.947272727272725,16,8
decaf_replicates,in-training,7.5,,,,6YOO,,decoy,,0.6961791515350342,82.7417391304348,92.054,65.28125,64.73100000000001,15,8
decaf_replicates,in-training,7.5,,,,6YOO,,decoy,,0.9299265742301941,93.84578947368419,96.24666666666667,89.73,87.5925,12,7
decaf_replicates,in-training,7.5,,,,6YOO,,scrambled,,0.29840800166130066,70.94096774193548,85.517,44.43909090909091,43.541666666666664,20,11
decaf_replicates,in-training,7.5,,,,6YOO,,scrambled,,0.2426706999540329,68.21037037037037,85.71647058823528,38.45,37.998333333333335,17,10
decaf_replicates,in-training,7.5,,,,1YCR,,cognate,,0.2998276352882385,64.89999999999999,75.79842105263157,47.64416666666667,45.976,19,12
decaf_replicates,in-training,7.5,,,,1YCR,,decoy,,0.20726266503334045,64.50808510638298,72.70555555555556,37.68,38.81133333333334,36,11
decaf_replicates,in-training,7.5,,,,1YCR,,decoy,,0.30980637669563293,65.43843749999999,75.67095238095237,45.903636363636366,45.130833333333335,21,11
decaf_replicates,in-training,7.5,,,,1YCR,,decoy,,0.14965124428272247,72.3847619047619,81.58375,42.948,42.948,16,5
decaf_replicates,in-training,7.5,,,,1YCR,,scrambled,,0.3994901776313782,71.92,79.76105263157893,55.366666666666674,55.83,19,9
decaf_replicates,in-training,7.5,,,,1YCR,,scrambled,,0.3697006404399872,67.18599999999999,73.88699999999999,53.784000000000006,55.77,20,10
decaf_replicates,in-training,7.5,,,,9F6S,,cognate,,0.5949137806892395,78.11952380952381,84.166,63.00333333333333,63.00333333333333,15,6
decaf_replicates,in-training,7.5,,,,9F6S,,decoy,,0.2752538323402405,69.12000000000002,81.71450000000002,43.931000000000004,44.25818181818182,20,10
decaf_replicates,in-training,7.5,,,,9F6S,,decoy,,0.8216643333435059,84.81800000000001,87.59842105263158,76.01333333333334,71.41375000000001,19,6
decaf_replicates,in-training,7.5,,,,9F6S,,decoy,,0.8053305745124817,84.39083333333333,85.37526315789474,80.64999999999999,80.64999999999999,19,5
decaf_replicates,in-training,7.5,,,,9F6S,,scrambled,,0.6412301063537598,80.01380952380953,85.17733333333332,67.105,67.105,15,6
decaf_replicates,in-training,7.5,,,,9F6S,,scrambled,,0.7304542064666748,77.953,83.25142857142855,65.59000000000002,65.59000000000002,14,6
decaf_replicates,in-training,7.5,,,,8KDX,,cognate,,0.17065538465976715,59.60551724137931,68.10722222222222,45.693636363636365,46.476000000000006,18,11
decaf_replicates,in-training,7.5,,,,8KDX,,decoy,,0.10877739638090134,65.11571428571428,74.77600000000001,53.96923076923076,56.1786956521739,15,13
decaf_replicates,in-training,7.5,,,,8KDX,,decoy,,0.14314724504947662,61.788888888888906,68.76384615384615,43.654,44.065,13,5
decaf_replicates,in-training,7.5,,,,8KDX,,decoy,,0.5920776724815369,68.69333333333333,74.82466666666667,58.474444444444444,57.97099999999999,15,9
decaf_replicates,in-training,7.5,,,,8KDX,,scrambled,,0.12507213652133942,57.69615384615384,63.888,49.25272727272727,50.70266666666667,15,11
decaf_replicates,in-training,7.5,,,,8KDX,,scrambled,,0.13506188988685608,61.88366666666666,70.306,45.039,46.00999999999999,20,10
decaf_replicates,in-training,7.5,,,,6YOO,,cognate,,0.8584359884262085,90.39125,94.74666666666668,83.13222222222221,78.16499999999999,15,9
decaf_replicates,in-training,7.5,,,,6YOO,,decoy,,0.14126405119895935,76.65191489361702,87.7,35.774,37.49454545454546,37,10
decaf_replicates,in-training,7.5,,,,6YOO,,decoy,,0.32391154766082764,71.0255,87.56833333333333,46.21125,44.817,12,8
decaf_replicates,in-training,7.5,,,,6YOO,,decoy,,0.9368575215339661,93.6725,96.16692307692307,89.03999999999999,87.07124999999999,13,7
decaf_replicates,in-training,7.5,,,,6YOO,,scrambled,,0.4254368245601654,74.9264,87.57785714285714,58.82454545454545,59.104166666666664,14,11
decaf_replicates,in-training,7.5,,,,6YOO,,scrambled,,0.3180859386920929,69.23529411764706,86.00600000000001,45.277142857142856,43.81916666666666,10,7
decaf_replicates,in-training,7.5,,,,1YCR,,cognate,,0.7952804565429688,80.2609090909091,82.393,76.98076923076923,77.73266666666667,20,13
decaf_replicates,in-training,7.5,,,,1YCR,,decoy,,0.2772964835166931,66.06121951219512,75.7993103448276,42.527499999999996,42.51200000000001,29,12
decaf_replicates,in-training,7.5,,,,1YCR,,decoy,,0.23763407766819,63.362,75.32736842105264,42.694545454545455,43.5375,19,11
decaf_replicates,in-training,7.5,,,,1YCR,,decoy,,0.31933504343032837,69.90941176470588,81.5025,42.086,42.086,12,5
decaf_replicates,in-training,7.5,,,,1YCR,,scrambled,,0.3989773988723755,69.92862068965516,79.5957894736842,51.561,50.89933333333334,19,10
decaf_replicates,in-training,7.5,,,,1YCR,,scrambled,,0.5647149682044983,68.6225925925926,74.499375,60.07454545454545,60.55133333333333,16,11
decaf_replicates,in-training,7.5,,,,9F6S,,cognate,,0.8270097374916077,84.74652173913044,87.34000000000002,77.39833333333333,77.39833333333333,17,6
decaf_replicates,in-training,7.5,,,,9F6S,,decoy,,0.1919543594121933,67.545,80.71818181818183,38.56400000000001,38.166363636363634,22,10
decaf_replicates,in-training,7.5,,,,9F6S,,decoy,,0.8352950215339661,84.25,89.58000000000001,72.2575,72.2575,18,8
decaf_replicates,in-training,7.5,,,,9F6S,,decoy,,0.911159336566925,88.19,89.99933333333334,82.76199999999999,82.76199999999999,15,5
decaf_replicates,in-training,7.5,,,,9F6S,,scrambled,,0.7290931344032288,83.40625,87.03750000000001,72.5125,66.03500000000001,12,4
decaf_replicates,in-training,7.5,,,,9F6S,,scrambled,,0.740686297416687,80.85190476190478,84.54,69.05,65.13166666666667,16,5
decaf_replicates,in-training,7.5,,,,8KDX,,cognate,,0.16564834117889404,60.24040000000001,66.72866666666667,50.507999999999996,50.864,15,10
decaf_replicates,in-training,7.5,,,,8KDX,,decoy,,0.2561030089855194,65.89931034482758,68.98529411764704,61.527499999999996,63.31695652173913,17,12
decaf_replicates,in-training,7.5,,,,8KDX,,decoy,,0.13321556150913239,60.19333333333334,70.808,38.964000000000006,38.48333333333334,10,5
decaf_replicates,in-training,7.5,,,,8KDX,,decoy,,0.6106076240539551,72.32478260869563,76.29733333333334,64.87625,63.79,15,8
decaf_replicates,in-training,7.5,,,,8KDX,,scrambled,,0.12227136641740799,59.334999999999994,67.02176470588235,47.45545454545454,49.384666666666675,17,11
decaf_replicates,in-training,7.5,,,,8KDX,,scrambled,,0.10047312080860138,62.157931034482765,71.03315789473683,45.295,45.808,19,10
decaf_replicates,in-training,7.5,,,,6YOO,,cognate,,0.858874499797821,89.7412,95.44866666666665,81.17999999999999,78.17916666666666,15,10
decaf_replicates,in-training,7.5,,,,6YOO,,decoy,,0.5189590454101562,81.66545454545454,90.56285714285715,66.095,64.10090909090908,14,8
decaf_replicates,in-training,7.5,,,,6YOO,,decoy,,0.2649785280227661,71.75652173913043,87.66133333333332,41.935,40.57899999999999,15,8
decaf_replicates,in-training,7.5,,,,6YOO,,decoy,,0.9384645819664001,93.64349999999999,96.04846153846152,89.17714285714285,87.58625,13,7
decaf_replicates,in-training,7.5,,,,6YOO,,scrambled,,0.39114269614219666,75.67142857142858,85.86461538461539,59.1075,56.49916666666667,13,8
decaf_replicates,in-training,7.5,,,,6YOO,,scrambled,,0.17873133718967438,67.33645161290322,84.02949999999998,36.985454545454544,36.12166666666666,20,11
decaf_replicates,in-training,7.5,,,,1YCR,,cognate,,0.7817667722702026,82.91942857142857,85.98695652173913,77.04,77.72599999999998,23,12
decaf_replicates,in-training,7.5,,,,1YCR,,decoy,,0.18629181385040283,60.885806451612915,73.46947368421053,40.96166666666667,40.34133333333333,19,12
decaf_replicates,in-training,7.5,,,,1YCR,,decoy,,0.22527222335338593,65.11212121212122,76.69363636363637,41.94909090909091,41.560833333333335,22,11
decaf_replicates,in-training,7.5,,,,1YCR,,decoy,,0.1877616047859192,73.59526315789473,83.99857142857142,44.465999999999994,44.465999999999994,14,5
decaf_replicates,in-training,7.5,,,,1YCR,,scrambled,,0.4497620463371277,72.41676470588236,80.75,57.13916666666666,56.797999999999995,22,12
decaf_replicates,in-training,7.5,,,,1YCR,,scrambled,,0.3654841184616089,65.42535714285714,75.79352941176471,49.40181818181818,52.44200000000001,17,11
decaf_replicates,in-training,7.5,,,,9F6S,,cognate,,0.8028638362884521,84.48807692307693,88.3135,71.73666666666666,71.73666666666666,20,6
decaf_replicates,in-training,7.5,,,,9F6S,,decoy,,0.21723699569702148,68.45314285714286,80.52791666666667,42.10818181818182,42.10818181818182,24,11
decaf_replicates,in-training,7.5,,,,9F6S,,decoy,,0.8186053037643433,82.78040000000001,88.59764705882354,70.41875,70.41875,17,8
decaf_replicates,in-training,7.5,,,,9F6S,,decoy,,0.9212755560874939,87.39449999999998,88.50600000000001,84.05999999999999,84.05999999999999,15,5
decaf_replicates,in-training,7.5,,,,9F6S,,scrambled,,0.8193986415863037,84.13260869565217,86.90470588235294,76.27833333333332,76.27833333333332,17,6
decaf_replicates,in-training,7.5,,,,9F6S,,scrambled,,0.7667620778083801,81.45619047619049,84.85,70.596,67.14666666666668,16,5
decaf_replicates,in-training,7.5,,,,8KDX,,cognate,,0.16711914539337158,63.87781249999999,70.312,53.15416666666667,51.711333333333336,20,12
decaf_replicates,in-training,7.5,,,,8KDX,,decoy,,0.14535294473171234,59.36738095238095,61.43083333333333,56.61611111111111,58.09000000000001,24,18
decaf_replicates,in-training,7.5,,,,8KDX,,decoy,,0.10736418515443802,64.58875,75.48363636363636,40.620000000000005,40.09333333333334,11,5
decaf_replicates,in-training,7.5,,,,8KDX,,decoy,,0.4336607754230499,65.43666666666667,72.49923076923079,53.959999999999994,52.852,13,8
decaf_replicates,in-training,7.5,,,,8KDX,,scrambled,,0.12837868928909302,60.26928571428572,67.13444444444444,47.91199999999999,48.766666666666666,18,10
decaf_replicates,in-training,7.5,,,,8KDX,,scrambled,,0.11704262346029282,59.8825,69.66000000000001,44.77181818181819,45.465333333333334,17,11
decaf_replicates,in-training,7.5,,,,6YOO,,cognate,,0.8639854788780212,89.48347826086957,95.35571428571428,80.3488888888889,77.23249999999999,14,9
decaf_replicates,in-training,7.5,,,,6YOO,,decoy,,0.06271256506443024,73.07923076923078,84.29390243902438,31.279090909090915,31.279090909090915,41,11
decaf_replicates,in-training,7.5,,,,6YOO,,decoy,,0.33295971155166626,77.67428571428572,88.747,49.9925,44.723,10,4
decaf_replicates,in-training,7.5,,,,6YOO,,decoy,,0.8051695823669434,91.39235294117647,93.14000000000001,88.18833333333333,82.68875,11,6
decaf_replicates,in-training,7.5,,,,6YOO,,scrambled,,0.18533246219158173,64.98407407407407,83.09,38.64818181818182,37.70166666666666,16,11
decaf_replicates,in-training,7.5,,,,6YOO,,scrambled,,0.24902719259262085,69.40440000000001,85.81,40.23888888888889,39.62083333333333,16,9
