N,Full_Fwd_Time_ms,Full_Bwd_Time_ms,Full_Act_Mem_MB,Low_Fwd_Time_ms,Low_Bwd_Time_ms,Low_Act_Mem_MB,Initial_MSE,Final_MSE,Relative_MSE
100,1.005082999881779,2.18858299990643,1.2451171875,0.7318329999179696,2.2191250000105356,0.01220703125,1.2950265407562256,0.5886233448982239,0.8406708792989013
200,48.22437500001797,5.508333000079801,4.931640625,2.2080420001202583,5.3696669999681035,0.0244140625,1.2212530374526978,0.5927515029907227,0.830921395428669
500,7.624084000099174,32.624416000089695,30.6396484375,11.088834000020142,33.98716600008811,0.06103515625,1.2639119625091553,0.6568362712860107,0.8910134244887475
1000,29.251334000036877,147.08179200010818,122.314453125,63.54541700011396,138.55895799997597,0.1220703125,1.3166815042495728,0.642626166343689,0.9298286740037716
1500,112.11954199984575,307.06629199994495,275.0244140625,144.34141600008843,253.63337499993577,0.18310546875,1.2352893352508545,0.6245203018188477,0.8960804467408557
